id,first_name,last_name,email,username,gender,age,birth_date,phone,cell,street,city,state,country,postcode,latitude,longitude,nationality,picture,registered_at
1,Alexander,Barrett,alexander.barrett@example.com,happylion648,male,49,1976-08-12,(359) 532-3305,(259) 340-4814,8180 Mcclellan Rd,Toledo,Ohio,United States,32519,-22.1278,-96.7926,US,https://randomuser.me/api/portraits/men/71.jpg,2012-10-26
2,Eliza,Simpson,eliza.simpson@example.com,bigbird550,female,42,1984-05-27,015394 20181,07296 719746,1040 Kingsway,Wakefield,Herefordshire,United Kingdom,O4H 7UH,-80.2740,25.4984,GB,https://randomuser.me/api/portraits/women/82.jpg,2002-07-05
3,Mariana,Caldeira,mariana.caldeira@example.com,goldenmeercat404,female,65,1961-04-21,(11) 6774-3129,(16) 2849-6678,2290 Rua Espirito Santo ,Americana,Tocantins,Brazil,74225,-81.8855,0.2659,BR,https://randomuser.me/api/portraits/women/71.jpg,2012-10-19
4,Clara,Fox,clara.fox@example.com,tinyladybug292,female,50,1976-01-01,(613) 510-5232,(616) 730-7286,9014 Bollinger Rd,Fort Wayne,Iowa,United States,10500,44.9019,-118.8839,US,https://randomuser.me/api/portraits/women/84.jpg,2009-08-23
5,Ernâni,Lopes,ernani.lopes@example.com,blueleopard322,male,42,1983-08-12,(43) 2214-1577,(10) 6881-8725,2199 Rua Piauí ,Campo Largo,Roraima,Brazil,96584,78.7530,-117.3757,BR,https://randomuser.me/api/portraits/men/14.jpg,2011-10-25
6,Philip,Ma,philip.ma@example.com,whitezebra522,male,26,1999-12-15,Q67 H03-1443,H02 E81-5330,2953 Dieppe Ave,Vanier,Nova Scotia,Canada,N8I 5V9,4.0967,168.1929,CA,https://randomuser.me/api/portraits/men/28.jpg,2011-05-28
7,Avery,Singh,avery.singh@example.com,blueswan673,female,57,1969-03-21,G60 K84-7522,D25 X13-5949,4867 Lakeview Ave,Radisson,Prince Edward Island,Canada,Q2T 6P7,50.4061,119.7166,CA,https://randomuser.me/api/portraits/women/94.jpg,2012-06-24
8,Emma,Harris,emma.harris@example.com,bluebird724,female,35,1990-11-01,V34 B34-0804,M66 Q17-1320,694 22nd Ave,Clinton,Yukon,Canada,T2P 1A9,-72.9014,134.7903,CA,https://randomuser.me/api/portraits/women/29.jpg,2012-08-23
9,Micheal,Bowman,micheal.bowman@example.com,organicfish585,male,71,1955-06-09,(721) 764-8926,(989) 791-9041,7581 Central St,El Cajon,Massachusetts,United States,50308,-57.9765,59.3580,US,https://randomuser.me/api/portraits/men/39.jpg,2016-07-10
10,Marshall,Lambert,marshall.lambert@example.com,yellowsnake503,male,38,1987-10-21,(537) 886-6036,(359) 281-9588,6197 Robinson Rd,Eugene,Indiana,United States,67233,16.2649,82.1568,US,https://randomuser.me/api/portraits/men/6.jpg,2016-06-13
11,Connie,Spencer,connie.spencer@example.com,goldenfrog202,female,43,1983-06-04,06-0286-4048,0431-686-316,7922 Dane St,Tweed,Queensland,Australia,1974,35.4824,-114.9654,AU,https://randomuser.me/api/portraits/women/6.jpg,2020-02-07
12,Isadora,da Luz,isadora.daluz@example.com,tinywolf323,female,43,1982-11-09,(88) 9480-3481,(96) 9594-6019,4034 Rua Santo Antônio ,Atibaia,Paraíba,Brazil,48016,8.2195,88.8284,BR,https://randomuser.me/api/portraits/women/60.jpg,2006-07-03
13,Logan,Rice,logan.rice@example.com,greenladybug787,male,46,1980-06-24,(882) 622-8143,(670) 968-1952,9443 W Campbell Ave,Roseburg,Virginia,United States,12080,52.8511,105.4504,US,https://randomuser.me/api/portraits/men/73.jpg,2014-04-19
14,Mathis,Singh,mathis.singh@example.com,goldenbear934,male,36,1990-06-04,D89 B50-7813,Q41 H64-8047,2652 Lakeview Ave,Lloydminster,Prince Edward Island,Canada,S6S 1B5,-30.2007,-71.9515,CA,https://randomuser.me/api/portraits/men/70.jpg,2005-01-17
15,Ryan,Harcourt,ryan.harcourt@example.com,orangepeacock399,male,33,1993-06-16,C84 B61-8605,K39 C80-7539,7724 Dundas Rd,Maitland,New Brunswick,Canada,H6T 6K7,1.5535,171.2438,CA,https://randomuser.me/api/portraits/men/22.jpg,2014-04-24
16,Alexander,Harvey,alexander.harvey@example.com,happytiger134,male,80,1946-04-16,06-4898-6979,0481-255-548,3836 Spring St,Maitland,Australian Capital Territory,Australia,2458,-79.8645,-155.0196,AU,https://randomuser.me/api/portraits/men/42.jpg,2021-07-11
17,Tonya,Scott,tonya.scott@example.com,goldenwolf909,female,49,1976-08-24,04-2278-8435,0451-397-655,2807 Spring Hill Rd,Kalgoorlie,Western Australia,Australia,4950,19.0579,49.4492,AU,https://randomuser.me/api/portraits/women/75.jpg,2010-01-30
18,Andreo,Melo,andreo.melo@example.com,bluerabbit646,male,75,1950-09-09,(40) 8299-9148,(85) 3814-0698,4984 Rua Bela Vista ,Dourados,Roraima,Brazil,14446,13.0525,-80.6615,BR,https://randomuser.me/api/portraits/men/89.jpg,2009-07-25
19,Anthony,Li,anthony.li@example.com,silverdog937,male,59,1966-10-26,P38 U06-3046,B49 T09-6944,4130 Tecumseh Rd,Chipman,Yukon,Canada,E5U 5U2,-37.7742,-84.3587,CA,https://randomuser.me/api/portraits/men/88.jpg,2020-07-01
20,Mandy,Perkins,mandy.perkins@example.com,silvergoose881,female,43,1982-11-11,016974 67245,07606 549049,9749 Manchester Road,Southampton,Merseyside,United Kingdom,AS3U 6DS,-65.6460,155.7076,GB,https://randomuser.me/api/portraits/women/70.jpg,2006-06-24
21,Eva,Reed,eva.reed@example.com,yellowfish627,female,48,1978-06-11,016977 11726,07686 295331,5316 Bridge Road,Glasgow,Shropshire,United Kingdom,W04 5QB,-46.4478,130.8405,GB,https://randomuser.me/api/portraits/women/66.jpg,2017-07-28
22,Kevin,Harper,kevin.harper@example.com,yellowduck408,male,45,1980-07-28,(645) 280-4910,(643) 919-8961,2724 Walnut Hill Ln,Surprise,Colorado,United States,49150,-76.7668,10.0125,US,https://randomuser.me/api/portraits/men/88.jpg,2009-05-10
23,Jeanne,Willis,jeanne.willis@example.com,tinyfish121,female,64,1962-04-22,02-4040-0209,0407-761-405,9716 Fairview St,Tamworth,New South Wales,Australia,7800,-6.5260,61.9628,AU,https://randomuser.me/api/portraits/women/33.jpg,2007-06-28
24,Amelia,Gray,amelia.gray@example.com,redpanda634,female,32,1993-09-15,019467 13748,07442 880526,3512 London Road,Cambridge,Warwickshire,United Kingdom,G1G 5ZY,64.2802,-25.5084,GB,https://randomuser.me/api/portraits/women/18.jpg,2018-02-11
25,Cris,Barbosa,cris.barbosa@example.com,goldenduck543,male,33,1993-03-04,(09) 1557-3510,(33) 1316-3062,7809 Rua São José ,Araras,Maranhão,Brazil,78088,-42.2599,35.8838,BR,https://randomuser.me/api/portraits/men/49.jpg,2006-05-21
26,Zachary,Spencer,zachary.spencer@example.com,silverbear327,male,64,1961-09-18,04-2667-4629,0433-222-885,5110 Parker Rd,Townsville,Australian Capital Territory,Australia,8510,-37.3212,56.7319,AU,https://randomuser.me/api/portraits/men/77.jpg,2009-02-10
27,Ray,Rodriguez,ray.rodriguez@example.com,blacktiger440,male,40,1985-11-26,04-7788-9697,0461-694-610,4902 Hamilton Ave,Geraldton,Victoria,Australia,4176,46.6397,-60.1680,AU,https://randomuser.me/api/portraits/men/9.jpg,2006-07-04
28,Kathy,Matthews,kathy.matthews@example.com,purplelion532,female,59,1966-10-22,(414) 739-9323,(569) 973-0838,4564 Karen Dr,Medford,Maryland,United States,16633,-85.2075,-43.1727,US,https://randomuser.me/api/portraits/women/35.jpg,2022-03-02
29,Rebecca,Myers,rebecca.myers@example.com,orangedog648,female,51,1974-08-04,04-6394-7097,0409-079-696,2666 Bruce St,Busselton,Tasmania,Australia,8685,-69.8488,-95.9137,AU,https://randomuser.me/api/portraits/women/71.jpg,2004-12-01
30,Letitia,Rodriquez,letitia.rodriquez@example.com,purplecat927,female,76,1950-05-01,(515) 685-5979,(547) 808-3520,8390 Fincher Rd,Manchester,Vermont,United States,81403,-50.0673,123.6222,US,https://randomuser.me/api/portraits/women/61.jpg,2008-09-30
31,Kent,Porter,kent.porter@example.com,goldenbird908,male,70,1956-02-03,(907) 615-5163,(946) 371-9286,7548 Rolling Green Rd,Billings,Michigan,United States,36191,-1.2065,-113.8987,US,https://randomuser.me/api/portraits/men/63.jpg,2012-02-05
32,Melinda,Nogueira,melinda.nogueira@example.com,smallrabbit601,female,80,1945-12-05,(20) 8220-6177,(25) 7383-0205,4763 Rua Vinte E Quatro de Outubro,Angra dos Reis,Alagoas,Brazil,99294,83.1348,146.6507,BR,https://randomuser.me/api/portraits/women/86.jpg,2003-04-28
33,Louella,Bradley,louella.bradley@example.com,angryleopard117,female,71,1955-01-30,(471) 428-9864,(963) 948-6404,6809 Preston Rd,Providence,Nebraska,United States,85862,69.7590,-111.0187,US,https://randomuser.me/api/portraits/women/35.jpg,2003-12-11
34,Bessie,Kelley,bessie.kelley@example.com,silvergoose546,female,60,1966-01-19,06-2879-2894,0477-515-230,2800 Spring Hill Rd,Devonport,Northern Territory,Australia,3898,-79.1263,165.0945,AU,https://randomuser.me/api/portraits/women/76.jpg,2019-08-17
35,Mabel,Mitchelle,mabel.mitchelle@example.com,beautifuldog324,female,41,1984-12-23,06-0052-1232,0446-220-511,9481 W Sherman Dr,Port Macquarie,South Australia,Australia,3453,-22.2013,132.4960,AU,https://randomuser.me/api/portraits/women/93.jpg,2016-08-18
36,Bob,Peters,bob.peters@example.com,beautifulsnake227,male,43,1983-05-13,017683 55329,07590 932966,6799 Alexander Road,Lincoln,Nottinghamshire,United Kingdom,I38 3PY,12.0347,74.9964,GB,https://randomuser.me/api/portraits/men/4.jpg,2012-05-16
37,Gail,Castro,gail.castro@example.com,purplesnake299,female,31,1995-06-01,02-1976-7080,0480-587-825,7175 Frances Ct,Coffs Harbour,Northern Territory,Australia,2757,18.7279,116.9319,AU,https://randomuser.me/api/portraits/women/34.jpg,2019-05-13
38,Herman,Carpenter,herman.carpenter@example.com,silverduck726,male,31,1995-05-24,015394 12294,07733 797349,2328 Kings Road,Stevenage,County Fermanagh,United Kingdom,J0J 9QH,14.0882,149.5454,GB,https://randomuser.me/api/portraits/men/45.jpg,2008-08-25
39,Magdalena,Cardoso,magdalena.cardoso@example.com,goldenleopard499,female,75,1950-11-21,(95) 2044-0970,(46) 5496-1201,4014 Rua São Sebastiao ,Brusque,Rio Grande do Sul,Brazil,52554,70.9803,54.3034,BR,https://randomuser.me/api/portraits/women/27.jpg,2011-04-14
40,Chester,Robertson,chester.robertson@example.com,bluebutterfly515,male,63,1963-06-09,02-6047-9540,0447-482-644,5499 E North St,Busselton,Australian Capital Territory,Australia,7361,43.2230,11.2284,AU,https://randomuser.me/api/portraits/men/95.jpg,2016-01-17
41,Alexandre,Campbell,alexandre.campbell@example.com,heavyrabbit727,male,45,1981-06-10,L79 X61-1313,Z00 E28-1131,2438 Pierre Ave,Trout Lake,Nunavut,Canada,P0W 9T4,15.1572,-70.2960,CA,https://randomuser.me/api/portraits/men/83.jpg,2017-09-03
42,Melodie,Scott,melodie.scott@example.com,yellowpanda225,female,77,1948-10-08,S25 H03-0566,V81 E97-0291,7011 Main St,Lasalle,Ontario,Canada,E7Q 3H4,81.2711,-168.3908,CA,https://randomuser.me/api/portraits/women/38.jpg,2014-09-06
43,Abby,Scott,abby.scott@example.com,organicswan164,female,73,1953-05-01,015395 52268,07094 145123,3262 Victoria Street,Aberdeen,Merseyside,United Kingdom,V65 3UB,-59.4997,86.9019,GB,https://randomuser.me/api/portraits/women/69.jpg,2016-08-19
44,Taylor,Payne,taylor.payne@example.com,angryladybug488,female,81,1944-09-11,(610) 614-8545,(230) 326-2304,6724 W Belt Line Rd,Manchester,Tennessee,United States,26248,31.7324,66.5641,US,https://randomuser.me/api/portraits/women/3.jpg,2012-01-31
45,Cindy,Hicks,cindy.hicks@example.com,yellowgorilla128,female,51,1975-04-14,(436) 319-9853,(427) 330-6486,9514 Fairview St,Paterson,California,United States,14851,-42.6303,-26.6452,US,https://randomuser.me/api/portraits/women/52.jpg,2008-01-14
46,Roland,Shelton,roland.shelton@example.com,tinytiger636,male,68,1957-07-23,(576) 977-2207,(347) 959-0656,4493 Edwards Rd,Richardson,Oregon,United States,39530,-7.7009,177.5843,US,https://randomuser.me/api/portraits/men/36.jpg,2012-07-04
47,Ferrer,da Rosa,ferrer.darosa@example.com,tinymouse918,male,30,1996-05-09,(36) 8676-7416,(60) 3522-1840,419 Rua Primeiro de Maio ,Araras,Amapá,Brazil,55172,84.9011,-85.2041,BR,https://randomuser.me/api/portraits/men/91.jpg,2010-12-25
48,Britney,Ruiz,britney.ruiz@example.com,happyelephant726,female,46,1980-01-26,017683 73099,07241 173884,8729 Oaks Cross,Canterbury,Gwynedd County,United Kingdom,AR03 2QT,-60.4796,-20.3665,GB,https://randomuser.me/api/portraits/women/52.jpg,2003-11-10
49,Marcia,Russell,marcia.russell@example.com,brownrabbit640,female,29,1996-12-31,04-4489-9517,0456-955-464,1339 W Belt Line Rd,Shepparton,Australian Capital Territory,Australia,7213,62.9625,55.3492,AU,https://randomuser.me/api/portraits/women/27.jpg,2004-07-22
50,Jack,Foster,jack.foster@example.com,redfish993,male,65,1961-04-23,017684 32368,07268 088065,3225 Park Road,Salisbury,County Fermanagh,United Kingdom,L5S 7EX,-7.5889,-17.4934,GB,https://randomuser.me/api/portraits/men/10.jpg,2014-06-01
51,Alexis,Margaret,alexis.margaret@example.com,silverrabbit740,male,75,1951-02-28,T61 U00-7482,O36 A06-7446,5438 Peel St,New Glasgow,Manitoba,Canada,T3N 6Z3,86.3374,-27.3733,CA,https://randomuser.me/api/portraits/men/24.jpg,2020-04-11
52,Maria,Cole,maria.cole@example.com,ticklishpeacock589,female,42,1984-05-15,017684 12090,07566 952550,9528 High Street,Sunderland,Cleveland,United Kingdom,R8 0RQ,-32.6415,13.5780,GB,https://randomuser.me/api/portraits/women/42.jpg,2012-09-20
53,Shane,Nelson,shane.nelson@example.com,beautifulmouse372,male,71,1954-09-30,(338) 568-9859,(814) 737-1122,1392 Frances Ct,Scurry,Colorado,United States,85559,-6.3444,-67.9702,US,https://randomuser.me/api/portraits/men/30.jpg,2006-06-06
54,Mario,Rivera,mario.rivera@example.com,blackpanda668,male,80,1945-12-31,(859) 659-4716,(897) 475-5562,5319 Paddock Way,Chicago,Hawaii,United States,75878,-45.7034,-92.7422,US,https://randomuser.me/api/portraits/men/77.jpg,2019-04-17
55,Leanne,Mitchell,leanne.mitchell@example.com,ticklishswan538,female,59,1966-08-12,Y94 D99-9811,U68 O85-9735,7543 15th St,Chelsea,Newfoundland and Labrador,Canada,K8M 0Z2,-80.2685,-49.6304,CA,https://randomuser.me/api/portraits/women/59.jpg,2003-09-06
56,Katerine,Rocha,katerine.rocha@example.com,blackfrog959,female,45,1980-07-17,(34) 0897-5569,(72) 9557-8753,4614 Beco dos Namorados,São Vicente,Sergipe,Brazil,93954,-21.9214,121.5009,BR,https://randomuser.me/api/portraits/women/55.jpg,2009-10-17
57,Julie,Bryant,julie.bryant@example.com,angryelephant844,female,63,1963-04-27,(722) 774-1699,(826) 615-7820,4145 Cackson St,Anna,Maine,United States,49950,8.9446,-142.8125,US,https://randomuser.me/api/portraits/women/7.jpg,2010-12-01
58,Eva,Alexander,eva.alexander@example.com,sadgoose914,female,64,1961-10-03,(507) 661-9010,(696) 850-6738,4095 Oak Ridge Ln,Elk Grove,Rhode Island,United States,51080,-6.8078,102.5865,US,https://randomuser.me/api/portraits/women/83.jpg,2013-09-04
59,Arron,Wood,arron.wood@example.com,lazylion682,male,34,1992-07-06,017683 95198,07688 230024,3480 Green Lane,Winchester,West Glamorgan,United Kingdom,C2M 7AA,-7.8446,-30.2250,GB,https://randomuser.me/api/portraits/men/68.jpg,2008-02-20
60,Leta,Hudson,leta.hudson@example.com,organicpeacock778,female,55,1970-11-13,(560) 774-0315,(309) 859-4681,324 Frances Ct,Billings,Wisconsin,United States,96722,78.2333,86.6169,US,https://randomuser.me/api/portraits/women/1.jpg,2012-01-06
61,Lesa,Carr,lesa.carr@example.com,lazyswan310,female,50,1975-09-24,04-0959-7700,0428-216-647,9059 Hogan St,Townsville,Queensland,Australia,6156,-8.5831,70.8770,AU,https://randomuser.me/api/portraits/women/89.jpg,2019-11-01
62,Flenn,Hoffman,flenn.hoffman@example.com,tinygoose663,male,58,1967-12-28,01-4240-5022,0425-564-292,1942 Lone Wolf Trail,Hervey Bay,South Australia,Australia,5955,61.0203,-82.3897,AU,https://randomuser.me/api/portraits/men/20.jpg,2018-01-18
63,Arquimedes,da Rosa,arquimedes.darosa@example.com,bigelephant457,male,43,1983-06-22,(10) 3687-6553,(16) 9871-9172,9200 Rua São Luiz ,Mogi das Cruzes,Distrito Federal,Brazil,31261,66.2578,-152.3936,BR,https://randomuser.me/api/portraits/men/39.jpg,2002-10-25
64,Albana,Caldeira,albana.caldeira@example.com,greenrabbit410,female,36,1990-06-01,(22) 7098-3350,(19) 7480-3411,2532 Rua Paraná ,Coronel Fabriciano,Ceará,Brazil,11339,-81.3210,74.3153,BR,https://randomuser.me/api/portraits/women/36.jpg,2019-06-13
65,Stephen,Gregory,stephen.gregory@example.com,yellowgorilla398,male,71,1955-06-01,015396 89450,07308 869386,5282 Albert Road,Gloucester,Wiltshire,United Kingdom,B01 7LZ,42.1215,-4.5667,GB,https://randomuser.me/api/portraits/men/24.jpg,2018-10-17
66,Ginestal,Lopes,ginestal.lopes@example.com,yellowsnake261,male,70,1956-01-02,(32) 2149-8472,(36) 7766-7915,3709 Rua Rio de Janeiro ,Atibaia,Pará,Brazil,23236,-35.6739,-53.4767,BR,https://randomuser.me/api/portraits/men/63.jpg,2007-11-12
67,Lísia,Mendes,lisia.mendes@example.com,blackladybug345,female,51,1974-10-27,(79) 0852-2277,(91) 7947-2359,9385 Rua Quinze de Novembro ,Bragança Paulista,Minas Gerais,Brazil,23961,-56.9196,-149.2137,BR,https://randomuser.me/api/portraits/women/5.jpg,2010-05-01
68,Landon,George,landon.george@example.com,crazyostrich300,male,58,1967-10-27,02-7601-6387,0471-219-021,8017 Adams St,Bundaberg,Queensland,Australia,6760,-26.1020,128.0806,AU,https://randomuser.me/api/portraits/men/38.jpg,2009-10-11
69,Peter,Crawford,peter.crawford@example.com,beautifulmeercat373,male,77,1949-06-21,03-5473-7929,0464-244-990,2872 Taylor St,Wollongong,Queensland,Australia,2439,-9.2940,-139.8862,AU,https://randomuser.me/api/portraits/men/74.jpg,2010-04-18
70,Lori,Warren,lori.warren@example.com,blackfish430,female,27,1998-11-05,01-2212-1140,0414-935-231,4098 W Belt Line Rd,Rockhampton,New South Wales,Australia,3624,37.9006,77.1805,AU,https://randomuser.me/api/portraits/women/83.jpg,2013-11-04
71,Etienne,Lam,etienne.lam@example.com,sadbear149,male,31,1994-07-18,Y34 Z80-7717,H08 H26-7404,6063 15th St,Delisle,Manitoba,Canada,X2E 5H9,37.4380,165.9423,CA,https://randomuser.me/api/portraits/men/34.jpg,2012-02-29
72,Morris,Hamilton,morris.hamilton@example.com,bigbird172,male,68,1957-10-23,019467 68527,07021 306965,8063 Rectory Lane,Wolverhampton,Warwickshire,United Kingdom,UA1A 5QU,-41.0387,-63.0692,GB,https://randomuser.me/api/portraits/men/57.jpg,2016-06-21
73,Zoey,Romero,zoey.romero@example.com,ticklishmouse817,female,79,1946-07-27,(919) 893-7805,(742) 526-8449,3840 Lone Wolf Trail,Redding,Maryland,United States,59515,23.5035,102.6448,US,https://randomuser.me/api/portraits/women/55.jpg,2014-07-17
74,Rosimara,Santos,rosimara.santos@example.com,smallostrich967,female,41,1984-08-13,(78) 3634-5540,(17) 3362-1638,6440 Rua Duque de Caxias ,Arapiraca,Espírito Santo,Brazil,91311,38.5127,-135.6977,BR,https://randomuser.me/api/portraits/women/82.jpg,2002-11-20
75,Keith,Vasquez,keith.vasquez@example.com,whitebutterfly485,male,44,1982-03-07,07-1820-1214,0458-098-148,9550 W Belt Line Rd,Warrnambool,Australian Capital Territory,Australia,3365,5.1856,158.4834,AU,https://randomuser.me/api/portraits/men/96.jpg,2021-09-23
76,Fausto,Monteiro,fausto.monteiro@example.com,yellowfish922,male,32,1994-01-18,(35) 5249-2879,(83) 9177-9336,7456 Rua da Paz ,Campo Grande,Bahia,Brazil,66917,-33.7869,62.9137,BR,https://randomuser.me/api/portraits/men/30.jpg,2016-09-30
77,Gabínio,Lopes,gabinio.lopes@example.com,redswan883,male,38,1988-06-07,(68) 7993-3811,(47) 6531-7259,8182 Rua Dezenove de Outubro,Vespasiano,Rondônia,Brazil,81335,83.6405,44.0959,BR,https://randomuser.me/api/portraits/men/83.jpg,2011-07-23
78,Ava,Griffin,ava.griffin@example.com,beautifulgoose632,female,30,1996-04-03,015396 49695,07550 552341,86 Fairview Road,Worcester,Powys,United Kingdom,MW5 2FJ,-43.0286,13.4934,GB,https://randomuser.me/api/portraits/women/17.jpg,2016-12-28
79,Tim,Harvey,tim.harvey@example.com,smallostrich281,male,48,1978-06-07,06-5272-6655,0454-207-374,6642 Fairview St,Dubbo,Northern Territory,Australia,2704,12.8571,-161.2495,AU,https://randomuser.me/api/portraits/men/42.jpg,2010-06-22
80,Arron,Neal,arron.neal@example.com,ticklishlion908,male,65,1960-12-09,07-0452-3631,0438-963-586,282 James St,Coffs Harbour,Western Australia,Australia,4382,47.6267,-108.7639,AU,https://randomuser.me/api/portraits/men/15.jpg,2021-01-16
81,Bassarme,Barbosa,bassarme.barbosa@example.com,orangepanda274,male,30,1996-02-28,(99) 5146-7542,(44) 1222-5292,9278 Rua São Luiz ,Rio Grande,Alagoas,Brazil,86306,-19.4788,-12.0960,BR,https://randomuser.me/api/portraits/men/60.jpg,2010-06-28
82,Evelyn,da Luz,evelyn.daluz@example.com,orangepanda806,female,59,1966-08-23,(07) 3898-6366,(55) 6625-5844,6451 Rua Paraná ,São Caetano do Sul,Paraíba,Brazil,78848,21.5686,100.8175,BR,https://randomuser.me/api/portraits/women/40.jpg,2018-04-10
83,Gabriella,Myers,gabriella.myers@example.com,whitesnake196,female,47,1979-03-10,(566) 258-6484,(687) 979-1159,5302 Sunset St,Burkburnett,Texas,United States,25128,34.3310,179.7495,US,https://randomuser.me/api/portraits/women/41.jpg,2012-08-13
84,Lenícia,Costa,lenicia.costa@example.com,beautifulmeercat737,female,43,1982-08-13,(22) 6076-0499,(98) 4660-3897,733 Avenida Vinícius de Morais,Vitória de Santo Antão,Amapá,Brazil,79020,-12.1389,68.7190,BR,https://randomuser.me/api/portraits/women/17.jpg,2005-06-21
85,Brooke,Freeman,brooke.freeman@example.com,happyostrich380,female,52,1974-06-05,015396 44894,07073 552225,1695 Highfield Road,Salford,Norfolk,United Kingdom,OI67 2GR,85.1398,-66.5449,GB,https://randomuser.me/api/portraits/women/77.jpg,2010-09-06
86,Evêncio,Cavalcanti,evencio.cavalcanti@example.com,sadbutterfly638,male,34,1992-01-30,(24) 6680-1586,(01) 6209-8181,1692 Rua Dois,Jaraguá do Sul,Rio Grande do Norte,Brazil,85673,82.4934,-103.2812,BR,https://randomuser.me/api/portraits/men/66.jpg,2019-03-29
87,Misaela,Teixeira,misaela.teixeira@example.com,whitepanda220,female,79,1947-01-19,(84) 7004-6394,(82) 2233-3746,3155 Rua Minas Gerais ,Atibaia,Goiás,Brazil,58517,-46.1175,84.5722,BR,https://randomuser.me/api/portraits/women/94.jpg,2016-01-10
88,Jamie,Ryan,jamie.ryan@example.com,angrybear571,male,26,1999-08-10,(322) 703-9893,(945) 449-0011,8892 Prospect Rd,Fayetteville,South Dakota,United States,29664,-59.3020,-86.8664,US,https://randomuser.me/api/portraits/men/98.jpg,2009-03-28
89,Madison,Lo,madison.lo@example.com,brownduck779,female,29,1996-12-23,E23 L10-2977,T96 Y85-0712,446 Concession Road 23,Killarney,Yukon,Canada,S8L 7B6,87.3141,81.1908,CA,https://randomuser.me/api/portraits/women/91.jpg,2011-09-21
90,Stanley,Lawson,stanley.lawson@example.com,silverwolf146,male,45,1981-03-10,(952) 578-5520,(821) 935-3889,9952 Homestead Rd,Odessa,Nebraska,United States,37309,85.2420,-175.5747,US,https://randomuser.me/api/portraits/men/99.jpg,2010-02-27
91,Morris,Meyer,morris.meyer@example.com,greenbutterfly696,male,81,1945-02-07,06-3339-2543,0438-360-382,3555 Valley View Ln,Bunbury,Australian Capital Territory,Australia,6669,-49.2973,-95.6495,AU,https://randomuser.me/api/portraits/men/15.jpg,2013-08-20
92,Alyssa,Palmer,alyssa.palmer@example.com,smallwolf513,female,25,2001-03-18,09-0211-5580,0473-960-910,2504 Mcclellan Rd,Wollongong,Tasmania,Australia,7336,-62.7147,-15.2144,AU,https://randomuser.me/api/portraits/women/14.jpg,2009-07-10
93,Alexis,Schmidt,alexis.schmidt@example.com,ticklishswan935,female,59,1967-04-14,08-6569-0969,0406-724-141,3368 W Dallas St,Dubbo,Queensland,Australia,4687,-49.9687,-41.8770,AU,https://randomuser.me/api/portraits/women/55.jpg,2003-11-27
94,Dylan,Claire,dylan.claire@example.com,beautifulwolf671,male,56,1970-06-02,M66 N23-2919,S42 F06-8194,3994 Dufferin St,Delisle,Nunavut,Canada,J1O 1K0,-58.0449,102.7114,CA,https://randomuser.me/api/portraits/men/1.jpg,2005-02-04
95,Dylan,Gutierrez,dylan.gutierrez@example.com,yellowswan793,male,50,1975-12-27,(467) 395-6582,(613) 923-7406,3528 Marsh Ln,Columbus,New Jersey,United States,88554,-8.5792,8.2671,US,https://randomuser.me/api/portraits/men/89.jpg,2021-05-06
96,Owen,Jean-Baptiste,owen.jean-baptiste@example.com,brownladybug801,male,61,1965-03-13,S70 C65-9530,M66 U58-5737,5030 Bay Ave,Winfield,Prince Edward Island,Canada,C0K 5Q0,85.4989,137.9156,CA,https://randomuser.me/api/portraits/men/74.jpg,2019-08-09
97,Amy,Morin,amy.morin@example.com,angryladybug400,female,54,1972-01-05,N47 Q24-3610,G14 Y07-2443,9323 Balmoral St,Chelsea,Nunavut,Canada,H5A 4J5,-17.7099,-11.2681,CA,https://randomuser.me/api/portraits/women/28.jpg,2002-12-17
98,Sergio,Turner,sergio.turner@example.com,beautifultiger727,male,47,1979-06-14,01228 343578,07919 513262,2005 Fairview Road,Chichester,Cambridgeshire,United Kingdom,U0 3BF,-41.8348,-96.5700,GB,https://randomuser.me/api/portraits/men/86.jpg,2021-04-06
99,Javier,Fox,javier.fox@example.com,blackrabbit676,male,43,1982-11-13,(440) 852-2492,(375) 860-0407,8579 W Sherman Dr,Sioux Falls,South Carolina,United States,60271,1.8028,-47.4610,US,https://randomuser.me/api/portraits/men/30.jpg,2011-08-23
100,Nicolas,Brar,nicolas.brar@example.com,goldenrabbit931,male,34,1991-10-17,E64 B28-8561,I13 D44-3443,2891 Duke St,Summerside,British Columbia,Canada,H0G 8F9,-9.2168,162.4796,CA,https://randomuser.me/api/portraits/men/1.jpg,2016-09-27
101,Mason,Miller,mason.miller@example.com,crazyfrog348,male,72,1953-10-07,I39 C54-9201,L24 E32-0976,8372 Stanley Way,Westport,Alberta,Canada,W3W 3H3,-89.1740,-177.6815,CA,https://randomuser.me/api/portraits/men/10.jpg,2011-10-25
102,Katrina,Hopkins,katrina.hopkins@example.com,organicleopard726,female,75,1950-08-26,09-7237-2466,0451-191-078,817 Dogwood Ave,Devonport,Queensland,Australia,1417,-45.1249,70.7319,AU,https://randomuser.me/api/portraits/women/13.jpg,2016-07-27
103,Susan,Morgan,susan.morgan@example.com,crazyleopard802,female,52,1973-08-12,013873 03247,07677 915686,6450 Broadway,Plymouth,Strathclyde,United Kingdom,P18 8AN,29.7173,-59.5173,GB,https://randomuser.me/api/portraits/women/16.jpg,2021-06-11
104,Dylan,Martin,dylan.martin@example.com,blackmeercat237,male,36,1989-10-01,V38 A64-3137,Y39 R11-2725,3535 Regent Ave,Winfield,Nunavut,Canada,E9R 9T7,56.7442,23.1037,CA,https://randomuser.me/api/portraits/men/74.jpg,2010-06-02
105,Lola,Carter,lola.carter@example.com,brownduck475,female,26,1999-12-15,016974 24104,07183 893096,9823 Church Street,Lichfield,Lincolnshire,United Kingdom,GZ3S 9EX,74.4123,-93.9040,GB,https://randomuser.me/api/portraits/women/82.jpg,2012-02-29
106,Emilie,Clark,emilie.clark@example.com,smallpeacock853,female,49,1976-08-06,H61 M32-5367,H14 V67-7818,7941 Concession Road 23,Delisle,Northwest Territories,Canada,G9Y 5V8,61.6981,-84.3641,CA,https://randomuser.me/api/portraits/women/3.jpg,2003-08-30
107,Stephen,Hernandez,stephen.hernandez@example.com,bigwolf328,male,57,1969-03-07,08-3929-5891,0434-679-832,6398 Locust Rd,Busselton,Victoria,Australia,945,54.9025,-107.0813,AU,https://randomuser.me/api/portraits/men/76.jpg,2013-07-10
108,Zoneide,Lopes,zoneide.lopes@example.com,crazymouse369,female,75,1951-01-17,(35) 7222-4734,(62) 3744-7501,7016 Rua Paraná ,Ji-Paraná,Mato Grosso,Brazil,54663,22.4373,148.2731,BR,https://randomuser.me/api/portraits/women/23.jpg,2011-01-16
109,Raymond,Rhodes,raymond.rhodes@example.com,redsnake143,male,38,1987-12-22,09-4627-3024,0465-192-252,5978 Parker Rd,Coffs Harbour,Northern Territory,Australia,5882,-72.8852,39.0949,AU,https://randomuser.me/api/portraits/men/20.jpg,2003-02-16
110,Aiden,Torres,aiden.torres@example.com,greenelephant966,male,34,1991-11-03,01-5483-2692,0454-094-095,4616 Nowlin Rd,Toowoomba,Tasmania,Australia,9347,-76.1847,122.3868,AU,https://randomuser.me/api/portraits/men/2.jpg,2019-05-20
111,Dwayne,Morrison,dwayne.morrison@example.com,greentiger606,male,79,1946-10-28,0113500 225 0116,07324 102517,5035 York Road,Salisbury,Fife,United Kingdom,J0 0WT,44.5417,139.9449,GB,https://randomuser.me/api/portraits/men/17.jpg,2011-01-08
112,Floyd,Snyder,floyd.snyder@example.com,crazyleopard287,male,63,1963-05-11,021 2912 4848,07827 961745,7190 Brick Kiln Road,Cambridge,Leicestershire,United Kingdom,SI2E 4SR,-38.0705,171.5774,GB,https://randomuser.me/api/portraits/men/54.jpg,2008-03-10
113,Joy,Watts,joy.watts@example.com,bluebird688,female,35,1990-11-01,03-2373-0918,0443-467-956,8657 Poplar Dr,Devonport,Tasmania,Australia,9023,-80.9145,17.3293,AU,https://randomuser.me/api/portraits/women/42.jpg,2005-09-25
114,Timothy,Armstrong,timothy.armstrong@example.com,brownladybug162,male,58,1968-06-16,015395 78214,07306 171377,7997 The Grove,Cardiff,West Sussex,United Kingdom,F5A 5HX,72.1159,95.0988,GB,https://randomuser.me/api/portraits/men/63.jpg,2021-06-02
115,Allen,Lawrence,allen.lawrence@example.com,lazycat341,male,69,1956-10-23,07-6947-8186,0445-010-032,9744 Central St,Kalgoorlie,Queensland,Australia,1598,-15.9081,132.6343,AU,https://randomuser.me/api/portraits/men/77.jpg,2013-12-21
116,Max,da Mata,max.damata@example.com,lazybear371,male,36,1989-09-03,(42) 1659-4236,(37) 4475-0115,7787 Rua São Luiz ,Jequié,Roraima,Brazil,36789,-50.3546,121.1950,BR,https://randomuser.me/api/portraits/men/25.jpg,2020-07-16
117,Harvey,Hernandez,harvey.hernandez@example.com,orangesnake219,male,51,1974-07-29,(963) 409-3314,(320) 662-9387,1783 Green Rd,Abilene,Arizona,United States,69899,-23.2722,60.3235,US,https://randomuser.me/api/portraits/men/3.jpg,2007-09-08
118,Liam,Denys,liam.denys@example.com,beautifulswan562,male,75,1951-02-04,K11 V97-4546,J38 U51-6536,7166 King St,Sherbrooke,Nunavut,Canada,H1G 8D6,-76.2413,34.2187,CA,https://randomuser.me/api/portraits/men/99.jpg,2010-10-02
119,Pedro,Willis,pedro.willis@example.com,organicbear472,male,52,1973-08-21,(630) 647-4649,(408) 782-8057,3553 E Sandy Lake Rd,Thousand Oaks,Oklahoma,United States,74553,-83.9174,152.7772,US,https://randomuser.me/api/portraits/men/64.jpg,2016-06-15
120,Victoria,Robinson,victoria.robinson@example.com,whitemouse352,female,46,1979-07-27,021 2546 9244,07808 827670,6700 Highfield Road,Bath,County Fermanagh,United Kingdom,Q35 9AY,57.4661,-152.9204,GB,https://randomuser.me/api/portraits/women/60.jpg,2018-06-01
121,Bently,Jean-Baptiste,bently.jean-baptiste@example.com,brownmeercat852,male,66,1960-05-07,X28 T26-8337,C40 H76-8083,6339 15th St,Oakville,Ontario,Canada,N7N 7P7,-3.9633,-139.7357,CA,https://randomuser.me/api/portraits/men/42.jpg,2008-04-28
122,Jeanne,Ginnish,jeanne.ginnish@example.com,heavybird882,female,25,2001-02-06,F23 G54-1513,O43 Q60-2965,6268 Regent Ave,Vanier,Nova Scotia,Canada,J0K 4H3,27.0720,122.7670,CA,https://randomuser.me/api/portraits/women/3.jpg,2014-11-22
123,Ema,Moura,ema.moura@example.com,greenwolf303,female,66,1959-12-20,(93) 7520-7620,(50) 3419-6062,1104 Rua Carlos Gomes,Patos de Minas,Pará,Brazil,39533,-82.3252,22.7995,BR,https://randomuser.me/api/portraits/women/67.jpg,2015-06-06
124,Nathan,Lam,nathan.lam@example.com,greenbear972,male,73,1953-03-10,R48 L17-5428,P76 U49-5045,9324 Brock Rd,Hampstead,Newfoundland and Labrador,Canada,B5E 2Z1,-8.2840,91.5573,CA,https://randomuser.me/api/portraits/men/6.jpg,2011-09-03
125,Tracey,Little,tracey.little@example.com,crazygorilla174,female,69,1956-09-08,06-6536-2659,0438-480-531,6284 Country Club Rd,Hervey Bay,Western Australia,Australia,7095,64.1559,18.4114,AU,https://randomuser.me/api/portraits/women/85.jpg,2014-11-16
126,Herman,Hughes,herman.hughes@example.com,biglion122,male,74,1952-05-11,05-1299-6497,0488-519-483,7557 Marsh Ln,Nowra,Western Australia,Australia,6187,-88.9206,-126.0066,AU,https://randomuser.me/api/portraits/men/17.jpg,2012-08-13
127,Anne,Knight,anne.knight@example.com,bluemouse963,female,54,1971-11-04,00-3899-2974,0492-391-881,2454 E Little York Rd,Nowra,Western Australia,Australia,2241,10.2300,-130.6344,AU,https://randomuser.me/api/portraits/women/51.jpg,2005-09-30
128,Andrea,Banks,andrea.banks@example.com,silvermouse871,female,25,2000-09-08,017684 20991,07827 026675,9399 West Street,Cardiff,Cheshire,United Kingdom,X9 0UJ,-47.1858,81.8338,GB,https://randomuser.me/api/portraits/women/94.jpg,2014-01-26
129,Alexandre,Gauthier,alexandre.gauthier@example.com,bigleopard105,male,34,1992-03-01,B40 Z88-1106,K34 Q69-7345,2118 Dufferin St,Havelock,Newfoundland and Labrador,Canada,G3J 6Q7,-26.3726,-44.1462,CA,https://randomuser.me/api/portraits/men/38.jpg,2005-12-27
130,Jeanette,Lee,jeanette.lee@example.com,ticklishmeercat282,female,51,1975-06-28,00-6311-0385,0444-823-757,8972 Central St,Adelaide,Queensland,Australia,9288,-78.7719,175.6342,AU,https://randomuser.me/api/portraits/women/86.jpg,2014-02-18
131,Jim,Gregory,jim.gregory@example.com,purpleladybug838,male,27,1998-12-09,(603) 682-0862,(922) 358-5442,1009 Bruce St,Omaha,South Dakota,United States,86098,-17.1788,135.1892,US,https://randomuser.me/api/portraits/men/23.jpg,2022-04-22
132,Thomas,Craig,thomas.craig@example.com,whitedog297,male,56,1969-09-28,05-3913-3963,0472-301-752,8742 Ranchview Dr,Melbourne,South Australia,Australia,3054,39.8081,-65.8081,AU,https://randomuser.me/api/portraits/men/44.jpg,2010-02-25
133,Suzanne,Miller,suzanne.miller@example.com,lazypanda833,female,29,1997-04-13,(232) 686-4306,(488) 703-9915,7093 Mcgowen St,Allen,Michigan,United States,64530,79.6440,75.2854,US,https://randomuser.me/api/portraits/women/21.jpg,2007-05-21
134,Eli,Herrera,eli.herrera@example.com,heavykoala525,male,26,1999-12-26,(966) 585-9120,(994) 430-2728,6635 Eason Rd,Montgomery,Massachusetts,United States,42290,44.4186,68.9677,US,https://randomuser.me/api/portraits/men/13.jpg,2009-05-29
135,Rose,Anderson,rose.anderson@example.com,blackfrog157,female,40,1986-03-10,00-2750-2945,0428-264-344,9587 Shady Ln Dr,Darwin,Queensland,Australia,2782,-21.2435,146.7961,AU,https://randomuser.me/api/portraits/women/28.jpg,2017-12-14
136,Katherine,Fernandez,katherine.fernandez@example.com,sadwolf945,female,59,1966-11-07,016977 26185,07430 407394,1130 North Road,Cardiff,Hampshire,United Kingdom,S42 8NZ,37.9578,86.8317,GB,https://randomuser.me/api/portraits/women/50.jpg,2018-03-12
137,Charles,Novak,charles.novak@example.com,tinybear797,male,63,1963-03-14,H88 L14-0338,G50 D31-0355,6620 36th Ave,Delisle,Northwest Territories,Canada,S2M 0F0,-53.0531,146.1412,CA,https://randomuser.me/api/portraits/men/40.jpg,2013-05-15
138,Eli,Fernandes,eli.fernandes@example.com,yellowgoose696,male,29,1997-02-26,(49) 5289-5443,(65) 6772-3983,3586 Rua São Paulo ,Guarapari,Tocantins,Brazil,75200,-64.2323,60.0274,BR,https://randomuser.me/api/portraits/men/13.jpg,2021-02-27
139,Hudson,Miller,hudson.miller@example.com,redpeacock136,male,65,1960-09-11,H60 U48-7820,C24 R48-1261,7682 York St,Shelbourne,Manitoba,Canada,U6G 6A7,-87.4050,146.9618,CA,https://randomuser.me/api/portraits/men/36.jpg,2004-05-23
140,Brooke,Young,brooke.young@example.com,ticklishrabbit531,female,69,1956-10-11,015396 59732,07332 903566,8258 New Road,Leeds,Berkshire,United Kingdom,EB22 8ES,15.7212,-165.8293,GB,https://randomuser.me/api/portraits/women/74.jpg,2009-02-04
141,Hannah,Bergeron,hannah.bergeron@example.com,sadgorilla899,female,69,1956-08-08,X00 G83-3102,D00 M64-3040,8926 West Ave,Hampstead,Ontario,Canada,O6H 0N5,17.7869,29.9176,CA,https://randomuser.me/api/portraits/women/56.jpg,2010-06-08
142,Chris,Jimenez,chris.jimenez@example.com,bluefrog732,male,47,1979-06-21,(499) 385-5901,(484) 201-6717,7709 Lakeview St,Oceanside,Arizona,United States,20892,-52.3162,-174.6432,US,https://randomuser.me/api/portraits/men/9.jpg,2007-02-06
143,Lenira,Peixoto,lenira.peixoto@example.com,ticklishzebra372,female,53,1972-10-14,(89) 3185-4537,(15) 5543-0610,2160 Rua Vinte de Setembro,Araraquara,Amazonas,Brazil,34101,-30.8565,-3.1192,BR,https://randomuser.me/api/portraits/women/87.jpg,2003-11-17
144,Jeffrey,Little,jeffrey.little@example.com,silverfrog797,male,55,1970-12-04,(522) 354-8335,(652) 633-6617,1023 Camden Ave,Scurry,Maine,United States,24831,22.9099,171.3258,US,https://randomuser.me/api/portraits/men/39.jpg,2019-07-03
145,Apolo,de Souza,apolo.desouza@example.com,angrypanda927,male,65,1961-06-11,(91) 9216-0808,(83) 2906-8143,7382 Rua Quatro,São Vicente,Distrito Federal,Brazil,14628,89.9170,-72.8315,BR,https://randomuser.me/api/portraits/men/17.jpg,2021-02-02
146,Luara,Lima,luara.lima@example.com,smallbutterfly458,female,40,1985-09-24,(01) 1445-0000,(13) 6099-0825,1206 Rua Vinte E Um,Taboão da Serra,Acre,Brazil,99244,15.5122,-153.4321,BR,https://randomuser.me/api/portraits/women/95.jpg,2012-12-22
147,Múcio,da Cunha,mucio.dacunha@example.com,ticklishtiger623,male,31,1994-12-31,(41) 1421-9395,(60) 6750-1600,2635 Rua Principal,Boa Vista,Amapá,Brazil,15231,83.0590,110.7349,BR,https://randomuser.me/api/portraits/men/65.jpg,2004-08-08
148,Landon,Burton,landon.burton@example.com,crazymouse429,male,71,1955-07-15,02-6852-4857,0431-345-540,4110 Shady Ln Dr,Australian Capital Territory,Victoria,Australia,9778,-64.5641,-9.4343,AU,https://randomuser.me/api/portraits/men/52.jpg,2020-05-19
149,Scarlett,Fletcher,scarlett.fletcher@example.com,goldenpeacock293,female,70,1955-10-04,(326) 365-9914,(956) 910-0107,7187 Valley View Ln,Stanley,Kansas,United States,82138,-82.7184,-23.8062,US,https://randomuser.me/api/portraits/women/30.jpg,2006-05-18
150,Stella,Reyes,stella.reyes@example.com,beautifullion843,female,61,1965-07-01,(451) 714-0190,(607) 895-4274,1043 Spring St,Seagoville,New Jersey,United States,28818,-42.7466,-56.7419,US,https://randomuser.me/api/portraits/women/33.jpg,2009-03-13
151,Leo,Lavigne,leo.lavigne@example.com,tinyladybug883,male,44,1981-10-10,W99 J09-2433,Y28 L47-9724,1695 Pierre Ave,Glenwood,Ontario,Canada,S4Z 7R8,54.1794,77.1267,CA,https://randomuser.me/api/portraits/men/72.jpg,2021-01-01
152,Carole,Montgomery,carole.montgomery@example.com,yellowduck288,female,54,1972-06-03,08-5249-4759,0475-592-106,2802 E Little York Rd,Warragul,Western Australia,Australia,9697,2.9883,165.1270,AU,https://randomuser.me/api/portraits/women/51.jpg,2007-06-18
153,Eva,Campbell,eva.campbell@example.com,organicpeacock328,female,79,1947-05-19,T12 M88-4424,T81 I33-4405,3471 22nd Ave,Bath,New Brunswick,Canada,U6B 9K8,29.7442,-99.9907,CA,https://randomuser.me/api/portraits/women/78.jpg,2012-11-13
154,Kristen,Grant,kristen.grant@example.com,organiclion707,female,65,1961-06-29,(581) 452-0877,(291) 783-1818,1098 Timber Wolf Trail,Charleston,New Mexico,United States,98003,-79.6313,94.1622,US,https://randomuser.me/api/portraits/women/92.jpg,2010-08-04
155,Don,Evans,don.evans@example.com,crazytiger959,male,70,1956-01-28,01418 23803,07869 688814,1087 Brick Kiln Road,Derby,Northumberland,United Kingdom,E70 4AF,31.7683,-24.2097,GB,https://randomuser.me/api/portraits/men/26.jpg,2010-05-18
156,Aziz,Moreira,aziz.moreira@example.com,bigfrog305,male,54,1971-12-08,(66) 8799-4568,(81) 2081-3578,9004 Avenida da Democracia,Dourados,Goiás,Brazil,47352,72.7083,-51.4547,BR,https://randomuser.me/api/portraits/men/62.jpg,2004-11-19
157,Adrualdo,Gomes,adrualdo.gomes@example.com,smallelephant555,male,67,1959-06-16,(13) 8702-8096,(39) 2053-9773,4246 Rua da Paz ,Codó,Espírito Santo,Brazil,66914,38.9379,-174.1916,BR,https://randomuser.me/api/portraits/men/66.jpg,2003-12-10
158,Kayla,Hart,kayla.hart@example.com,tinyzebra695,female,65,1960-08-18,0118870 342 2294,07428 888131,7686 London Road,Bristol,East Sussex,United Kingdom,ZH00 9JL,87.1117,121.3926,GB,https://randomuser.me/api/portraits/women/77.jpg,2010-12-04
159,Johnni,Gordon,johnni.gordon@example.com,whitemouse782,male,39,1986-08-27,03-9450-2822,0414-920-989,1377 E Little York Rd,Brisbane,Victoria,Australia,3744,-71.0889,35.9040,AU,https://randomuser.me/api/portraits/men/0.jpg,2020-02-25
160,Monica,Brooks,monica.brooks@example.com,lazyduck450,female,52,1973-12-03,(789) 382-7176,(921) 688-4305,9464 W Dallas St,Columbia,North Carolina,United States,68315,7.2556,115.6945,US,https://randomuser.me/api/portraits/women/37.jpg,2009-11-04
161,Gumesindo,Pires,gumesindo.pires@example.com,yellowcat882,male,46,1980-02-12,(65) 1713-8428,(29) 9940-2526,6558 Rua Santo Antônio ,Limeira,Rio Grande do Sul,Brazil,31285,-14.0560,-51.1772,BR,https://randomuser.me/api/portraits/men/71.jpg,2007-05-02
162,Douglas,Castillo,douglas.castillo@example.com,ticklishswan964,male,36,1989-08-16,05-2422-6705,0424-001-024,9974 E Little York Rd,Perth,Tasmania,Australia,6020,-76.6885,-72.4338,AU,https://randomuser.me/api/portraits/men/45.jpg,2021-07-29
163,Courtney,Barnes,courtney.barnes@example.com,purpleduck492,female,58,1968-02-15,07-5772-6058,0403-676-700,6073 Dogwood Ave,Warrnambool,Northern Territory,Australia,3977,26.1625,24.9422,AU,https://randomuser.me/api/portraits/women/52.jpg,2020-08-25
164,Kelly,Simmons,kelly.simmons@example.com,greenladybug774,female,50,1975-11-19,01-6859-5649,0485-617-347,9301 Lovers Ln,Queanbeyan,Western Australia,Australia,5116,-37.1824,-107.1787,AU,https://randomuser.me/api/portraits/women/56.jpg,2005-05-18
165,Maxine,Perez,maxine.perez@example.com,brownwolf721,female,36,1990-01-01,01-6736-2645,0489-521-255,4322 Mcgowen St,Warrnambool,Northern Territory,Australia,8831,85.1589,-135.0444,AU,https://randomuser.me/api/portraits/women/94.jpg,2016-11-03
166,Lonnie,Berry,lonnie.berry@example.com,ticklishfish685,male,37,1988-10-18,01101 13957,07488 642980,7701 Bridge Road,Winchester,County Armagh,United Kingdom,FR8 3JJ,48.3033,-39.8803,GB,https://randomuser.me/api/portraits/men/18.jpg,2003-11-18
167,Harvey,Martinez,harvey.martinez@example.com,happypanda651,male,34,1991-08-18,(493) 792-1408,(331) 458-3027,5705 N Stelling Rd,Rockford,Tennessee,United States,35986,87.0362,-106.0020,US,https://randomuser.me/api/portraits/men/16.jpg,2018-06-15
168,Erika,Long,erika.long@example.com,heavybird632,female,49,1976-12-14,00-4984-7212,0416-523-329,8959 Northaven Rd,Bathurst,Northern Territory,Australia,7289,29.0244,168.1582,AU,https://randomuser.me/api/portraits/women/49.jpg,2016-09-20
169,Lucas,Brown,lucas.brown@example.com,whitepanda601,male,26,2000-03-28,R68 Z02-5547,W43 B79-1731,2586 22nd Ave,Lumsden,Saskatchewan,Canada,J5E 0C8,18.9094,112.5886,CA,https://randomuser.me/api/portraits/men/82.jpg,2006-07-13
170,Noêmia,Gomes,noemia.gomes@example.com,goldenzebra989,female,62,1964-05-27,(52) 4767-3791,(97) 0441-8626,5315 Rua Dezessete ,Macaé,Ceará,Brazil,34877,-32.4705,170.9339,BR,https://randomuser.me/api/portraits/women/14.jpg,2012-06-22
171,Martha,Davidson,martha.davidson@example.com,ticklishpanda742,female,45,1980-11-01,016977 17528,07661 497460,4011 St. John’S Road,Armagh,Hampshire,United Kingdom,P8Y 0YY,72.4227,-52.1669,GB,https://randomuser.me/api/portraits/women/35.jpg,2021-03-29
172,Lynn,Fields,lynn.fields@example.com,beautifulwolf799,female,42,1984-02-17,(535) 701-5744,(261) 754-2327,9261 Photinia Ave,Frisco,Georgia,United States,57734,-69.5012,-8.9818,US,https://randomuser.me/api/portraits/women/7.jpg,2015-12-03
173,Eli,Jackson,eli.jackson@example.com,orangeostrich906,male,32,1993-10-24,09-0870-0886,0466-234-401,2577 Pockrus Page Rd,Traralgon,Victoria,Australia,2187,73.6673,83.6157,AU,https://randomuser.me/api/portraits/men/99.jpg,2007-04-28
174,Debbie,Robertson,debbie.robertson@example.com,greendog840,female,55,1970-10-02,017684 57918,07208 198718,7240 Chester Road,Salisbury,West Glamorgan,United Kingdom,HT1F 2XU,32.7174,150.7810,GB,https://randomuser.me/api/portraits/women/83.jpg,2009-01-03
175,Gordon,Sullivan,gordon.sullivan@example.com,bigsnake385,male,46,1980-06-22,015242 54433,07769 938178,3582 Church Street,Sheffield,Gwynedd County,United Kingdom,B8 8AA,-43.1708,-158.8080,GB,https://randomuser.me/api/portraits/men/38.jpg,2019-07-08
176,Jezabel,Silva,jezabel.silva@example.com,yellowcat333,female,69,1956-07-25,(22) 8404-5037,(40) 4143-2162,7772 Rua Sete de Setembro ,Ourinhos,Maranhão,Brazil,35776,-71.4508,144.9538,BR,https://randomuser.me/api/portraits/women/73.jpg,2016-03-13
177,Jeffery,Young,jeffery.young@example.com,organickoala873,male,81,1945-01-19,027 9269 8308,07790 612848,8800 London Road,Ely,County Londonderry,United Kingdom,R0D 3NY,-23.2883,-60.7288,GB,https://randomuser.me/api/portraits/men/5.jpg,2019-02-23
178,Adam,Arnold,adam.arnold@example.com,happygoose464,male,81,1944-10-20,(884) 399-2738,(727) 528-4038,3232 Dane St,Jackson,Delaware,United States,85181,29.5662,-84.1891,US,https://randomuser.me/api/portraits/men/39.jpg,2020-01-25
179,Dora,Mckinney,dora.mckinney@example.com,whiteladybug630,female,49,1976-10-19,(752) 598-5109,(437) 249-1000,8887 Poplar Dr,Aubrey,Alabama,United States,75160,45.5115,-52.7237,US,https://randomuser.me/api/portraits/women/23.jpg,2007-01-18
180,Rosalyn,Mccoy,rosalyn.mccoy@example.com,silvertiger363,female,33,1993-03-30,019467 70698,07455 419242,8961 George Street,Salford,West Yorkshire,United Kingdom,FR6Z 0BR,61.0502,20.2630,GB,https://randomuser.me/api/portraits/women/68.jpg,2009-02-07
181,Cody,Morgan,cody.morgan@example.com,blackbutterfly367,male,63,1963-03-05,015395 78697,07872 057929,4422 North Road,Aberdeen,Highlands and Islands,United Kingdom,HX9 9DS,-59.8142,-0.6104,GB,https://randomuser.me/api/portraits/men/77.jpg,2011-08-07
182,Miguel,Smith,miguel.smith@example.com,organiczebra167,male,25,2001-05-02,07-0817-9852,0482-367-863,2840 Bruce St,Perth,Northern Territory,Australia,4888,-14.0815,-77.2964,AU,https://randomuser.me/api/portraits/men/27.jpg,2003-11-23
183,Suzanne,Nguyen,suzanne.nguyen@example.com,purpleostrich864,female,32,1993-12-22,015242 66360,07295 637419,2038 Queen Street,Stevenage,Cumbria,United Kingdom,Z5 2PB,47.6979,-143.4871,GB,https://randomuser.me/api/portraits/women/94.jpg,2021-11-06
184,Emma,Turner,emma.turner@example.com,blackbutterfly872,female,33,1993-05-27,015396 49467,07869 095955,5589 Chester Road,Bristol,Dyfed,United Kingdom,M65 1QQ,68.2217,-35.0969,GB,https://randomuser.me/api/portraits/women/93.jpg,2011-07-12
185,Violet,Riley,violet.riley@example.com,beautifulmouse787,female,43,1982-09-07,02-5942-4971,0434-971-593,681 Bollinger Rd,Toowoomba,Australian Capital Territory,Australia,3227,-77.1382,152.1823,AU,https://randomuser.me/api/portraits/women/10.jpg,2018-11-30
186,Cathy,Hanson,cathy.hanson@example.com,goldenrabbit336,female,51,1974-07-21,015242 96342,07416 905780,5530 Stanley Road,Preston,Kent,United Kingdom,P71 0PL,-76.8070,-155.0548,GB,https://randomuser.me/api/portraits/women/63.jpg,2017-08-17
187,Leo,Lo,leo.lo@example.com,blackwolf333,male,49,1976-12-14,K05 R96-4757,V00 B23-1039,3244 Oak St,Charlottetown,Ontario,Canada,Z2I 9V0,23.1241,51.7549,CA,https://randomuser.me/api/portraits/men/76.jpg,2017-06-26
188,Elaine,Kennedy,elaine.kennedy@example.com,blackgorilla492,female,64,1962-01-08,03-9688-6515,0412-557-616,8620 E Center St,Devonport,Queensland,Australia,5797,-73.7143,-94.3812,AU,https://randomuser.me/api/portraits/women/39.jpg,2002-07-12
189,Jeffrey,Perez,jeffrey.perez@example.com,greenkoala758,male,51,1975-05-11,05-2190-7845,0440-143-036,3233 Karen Dr,Rockhampton,Tasmania,Australia,1641,-42.9668,54.9646,AU,https://randomuser.me/api/portraits/men/31.jpg,2009-08-09
190,Alexa,Montgomery,alexa.montgomery@example.com,lazyduck380,female,52,1974-01-03,08-5730-3120,0465-963-228,4212 W Sherman Dr,Adelaide,Tasmania,Australia,5257,79.8892,-18.0195,AU,https://randomuser.me/api/portraits/women/13.jpg,2012-08-19
191,Hannah,Ma,hannah.ma@example.com,happybutterfly494,female,40,1985-11-29,N41 S07-7248,T72 V48-5860,859 Dundas Rd,Havelock,Newfoundland and Labrador,Canada,U8H 0V5,1.4023,110.3755,CA,https://randomuser.me/api/portraits/women/29.jpg,2015-09-05
192,Larry,Fernandez,larry.fernandez@example.com,orangegoose777,male,56,1970-05-28,016974 57507,07988 529205,2962 Station Road,Kingston upon Hull,Tayside,United Kingdom,Z96 7RP,-18.3331,169.3958,GB,https://randomuser.me/api/portraits/men/76.jpg,2003-04-18
193,Wanda,Wheeler,wanda.wheeler@example.com,tinyladybug680,female,40,1985-11-17,01-0866-1189,0460-116-614,2467 Mockingbird Hill,Albury,Tasmania,Australia,2839,34.0946,31.4327,AU,https://randomuser.me/api/portraits/women/27.jpg,2021-08-27
194,Gertrude,Sullivan,gertrude.sullivan@example.com,brownpanda698,female,78,1948-01-20,(542) 225-7990,(665) 902-3523,5823 Hunters Creek Dr,Escondido,Missouri,United States,35831,-85.1346,-126.8158,US,https://randomuser.me/api/portraits/women/67.jpg,2012-02-19
195,Lori,Burns,lori.burns@example.com,ticklishcat947,female,26,1999-09-12,(749) 299-7449,(372) 764-6787,6320 Bollinger Rd,Cary,California,United States,31268,-14.1287,-154.0256,US,https://randomuser.me/api/portraits/women/40.jpg,2014-10-04
196,Ryan,Watson,ryan.watson@example.com,bluemouse843,male,54,1972-06-24,(596) 244-9209,(851) 408-1788,8655 Dane St,Santa Maria,Arizona,United States,60846,-26.7281,-64.8705,US,https://randomuser.me/api/portraits/men/85.jpg,2015-05-21
197,Roberta,Perkins,roberta.perkins@example.com,heavymouse226,female,26,1999-09-02,(763) 445-7809,(385) 455-6018,2083 Parker Rd,Lakewood,Alaska,United States,86970,55.0089,44.2134,US,https://randomuser.me/api/portraits/women/6.jpg,2013-01-07
198,Zackary,Wilson,zackary.wilson@example.com,bigsnake181,male,75,1951-05-14,L50 D55-7487,Z18 Z15-7457,5246 3rd St,St. Antoine,Québec,Canada,M4T 3Y3,-18.8193,81.5407,CA,https://randomuser.me/api/portraits/men/37.jpg,2007-11-07
199,Sandra,Weaver,sandra.weaver@example.com,tinygorilla736,female,56,1969-07-28,00-1194-4478,0444-219-631,6435 Green Rd,Ballarat,Western Australia,Australia,7917,88.1727,66.0455,AU,https://randomuser.me/api/portraits/women/44.jpg,2013-12-26
200,Arani,Lima,arani.lima@example.com,silversnake121,female,50,1976-04-09,(40) 0402-8607,(64) 6880-6450,4806 Rua José Bonifácio ,São Vicente,Sergipe,Brazil,27937,-11.7236,100.2791,BR,https://randomuser.me/api/portraits/women/79.jpg,2010-12-15
201,Maeva,Mackay,maeva.mackay@example.com,orangezebra153,female,36,1989-10-18,Z21 R09-1389,B44 Y44-1446,3591 Brock Rd,Chelsea,Yukon,Canada,O6E 2U2,61.8234,-105.6535,CA,https://randomuser.me/api/portraits/women/92.jpg,2006-01-15
202,Oliver,Singh,oliver.singh@example.com,lazyladybug532,male,67,1958-08-19,Z08 C14-8568,H16 G85-4659,4506 20th Ave,Sutton,Prince Edward Island,Canada,H0P 5G9,-30.9860,111.6179,CA,https://randomuser.me/api/portraits/men/96.jpg,2009-09-16
203,Edwin,Alexander,edwin.alexander@example.com,ticklishgoose403,male,55,1970-09-15,016977 9542,07636 351408,5966 Church Lane,Coventry,Herefordshire,United Kingdom,M94 1NY,55.9803,163.5112,GB,https://randomuser.me/api/portraits/men/79.jpg,2004-01-23
204,Danny,Burton,danny.burton@example.com,whiterabbit597,male,51,1975-07-14,(813) 713-4441,(761) 214-5112,7138 Lone Wolf Trail,Anna,Missouri,United States,94696,62.7154,47.9354,US,https://randomuser.me/api/portraits/men/64.jpg,2003-12-01
205,Gino,Carvalho,gino.carvalho@example.com,smallmouse961,male,42,1984-04-21,(10) 1231-8254,(46) 2506-9910,2109 Rua Sete de Setembro ,Jundiaí,Tocantins,Brazil,76001,20.5877,159.0524,BR,https://randomuser.me/api/portraits/men/25.jpg,2017-11-02
206,Lucas,French,lucas.french@example.com,greenpanda859,male,69,1956-12-07,G08 O50-4232,H79 G39-3894,7094 Arctic Way,Trout Lake,Northwest Territories,Canada,A1O 0D8,-27.5354,63.9666,CA,https://randomuser.me/api/portraits/men/18.jpg,2003-12-21
207,Jeff,Dixon,jeff.dixon@example.com,yellowelephant964,male,73,1953-04-30,(367) 765-2949,(244) 304-4082,9359 Brown Terrace,Omaha,Maryland,United States,21461,-64.9941,18.3618,US,https://randomuser.me/api/portraits/men/79.jpg,2006-12-08
208,Jasmine,Macdonald,jasmine.macdonald@example.com,brownduck167,female,49,1976-08-17,J28 F73-8493,A11 K93-9199,3806 Dieppe Ave,Richmond,British Columbia,Canada,S6O 2B2,-61.1743,147.2052,CA,https://randomuser.me/api/portraits/women/88.jpg,2011-11-01
209,Helena,da Cunha,helena.dacunha@example.com,organictiger263,female,56,1969-11-16,(45) 2018-2281,(23) 6631-1192,8047 Rua Piauí ,Indaiatuba,Minas Gerais,Brazil,95242,72.3056,-30.8562,BR,https://randomuser.me/api/portraits/women/60.jpg,2013-01-01
210,Tammy,Hill,tammy.hill@example.com,organiczebra355,female,50,1976-06-09,(608) 368-3448,(537) 986-9801,7473 Depaul Dr,Murrieta,Washington,United States,72365,25.1086,-164.8985,US,https://randomuser.me/api/portraits/women/72.jpg,2017-09-23
211,Holly,Graves,holly.graves@example.com,goldengoose722,female,41,1985-02-05,05-5906-9310,0458-899-121,5021 Robinson Rd,Ballarat,Australian Capital Territory,Australia,9586,-1.7423,-68.5053,AU,https://randomuser.me/api/portraits/women/14.jpg,2015-12-26
212,James,Bell,james.bell@example.com,greenduck930,male,38,1987-08-29,016974 76156,07880 689762,5739 The Crescent,Stevenage,Durham,United Kingdom,ZM1B 5UT,-1.6546,-118.9231,GB,https://randomuser.me/api/portraits/men/71.jpg,2005-01-07
213,Camilo,Dias,camilo.dias@example.com,happykoala803,male,28,1998-01-24,(09) 8780-1382,(34) 9441-6089,6928 Rua Quinze de Novembro ,Formosa,Sergipe,Brazil,83969,-1.1734,-120.1154,BR,https://randomuser.me/api/portraits/men/36.jpg,2005-04-17
214,Victoria,Gagnon,victoria.gagnon@example.com,smallgoose169,female,38,1988-03-20,Z10 U67-5593,K51 D60-2452,4955 Vimy St,Minto,Prince Edward Island,Canada,C0A 8W6,34.8886,6.6805,CA,https://randomuser.me/api/portraits/women/54.jpg,2003-10-03
215,Lisandro,Cardoso,lisandro.cardoso@example.com,heavyfish159,male,44,1982-02-03,(55) 4150-4666,(46) 8797-8879,795 Avenida Vinícius de Morais,São Vicente,Acre,Brazil,57016,73.6914,-23.6391,BR,https://randomuser.me/api/portraits/men/16.jpg,2003-10-10
216,James,Abraham,james.abraham@example.com,purplecat852,male,69,1956-08-24,K83 M68-9777,K29 B74-9520,5124 Argyle St,Maidstone,British Columbia,Canada,E4W 4Z3,48.6405,-147.2244,CA,https://randomuser.me/api/portraits/men/92.jpg,2006-11-30
217,Carter,Johnson,carter.johnson@example.com,redsnake204,male,48,1978-05-29,O80 K25-8313,C81 Q02-5715,7273 Balmoral St,Hampstead,British Columbia,Canada,N9L 7X6,-20.4579,79.4871,CA,https://randomuser.me/api/portraits/men/77.jpg,2003-09-27
218,Quiliano,Dias,quiliano.dias@example.com,crazybear146,male,55,1970-09-10,(62) 3648-7775,(45) 5470-0338,6920 Travessa dos Açorianos,Itapetininga,Roraima,Brazil,16358,61.8284,21.9660,BR,https://randomuser.me/api/portraits/men/54.jpg,2010-08-22
219,Grace,Martin,grace.martin@example.com,tinyelephant622,female,43,1982-12-19,022 2643 0731,07707 363186,8477 Queens Road,Derby,Dumfries and Galloway,United Kingdom,L5E 9RA,-15.6701,-61.1995,GB,https://randomuser.me/api/portraits/women/3.jpg,2017-03-30
220,Izolita,Oliveira,izolita.oliveira@example.com,angrypeacock299,female,34,1991-07-27,(33) 9720-2109,(32) 2007-2057,9611 Rua Carlos Gomes,Ipatinga,Ceará,Brazil,15454,-48.9095,144.5057,BR,https://randomuser.me/api/portraits/women/84.jpg,2006-03-21
221,Gary,Wilson,gary.wilson@example.com,redleopard872,male,72,1954-01-20,(568) 521-4987,(559) 555-4727,897 Wheeler Ridge Dr,Fort Collins,Mississippi,United States,69715,72.9162,-102.6396,US,https://randomuser.me/api/portraits/men/87.jpg,2003-07-23
222,Rebecca,Cox,rebecca.cox@example.com,whitemeercat638,female,70,1956-01-26,02-0867-9500,0454-777-805,797 Elgin St,Gladstone,Northern Territory,Australia,3366,63.3138,-37.5781,AU,https://randomuser.me/api/portraits/women/8.jpg,2019-08-17
223,Tracy,Clark,tracy.clark@example.com,smallmeercat820,female,40,1986-07-04,(380) 750-8862,(935) 316-6125,5325 Preston Rd,Cambridge,Florida,United States,20231,42.8712,63.9255,US,https://randomuser.me/api/portraits/women/42.jpg,2004-12-12
224,Aiden,Ouellet,aiden.ouellet@example.com,heavypanda719,male,60,1965-08-23,P67 W25-4997,L03 V58-9962,6417 3rd St,Westport,Nova Scotia,Canada,B4H 7S2,71.3516,-23.7598,CA,https://randomuser.me/api/portraits/men/45.jpg,2003-09-29
225,Hailey,Jones,hailey.jones@example.com,heavydog321,female,63,1963-06-23,04-7353-9973,0463-182-064,9627 Crockett St,Tamworth,Queensland,Australia,6682,-26.9622,81.5877,AU,https://randomuser.me/api/portraits/women/55.jpg,2021-05-09
226,Evelyn,Morrison,evelyn.morrison@example.com,happyduck284,female,38,1987-11-23,01-1094-8114,0477-815-443,2617 Ash Dr,Port Macquarie,Victoria,Australia,910,48.6628,-20.2343,AU,https://randomuser.me/api/portraits/women/61.jpg,2017-10-24
227,Bibiana,Moura,bibiana.moura@example.com,ticklishkoala156,female,72,1953-09-23,(72) 6822-9384,(99) 7981-5090,8287 Rua Paraíba ,Uruguaiana,Rondônia,Brazil,40288,86.9305,96.3669,BR,https://randomuser.me/api/portraits/women/30.jpg,2011-09-05
228,Logan,Gagnon,logan.gagnon@example.com,bluewolf766,male,49,1977-06-10,H02 N22-1853,Z38 W78-3148,7964 Frederick Ave,Selkirk,New Brunswick,Canada,W3U 2R7,59.9183,135.7150,CA,https://randomuser.me/api/portraits/men/37.jpg,2007-09-02
229,Stephanie,Butler,stephanie.butler@example.com,orangeostrich358,female,32,1993-11-30,0115705 087 4059,07528 527482,5847 High Street,Salford,Highlands and Islands,United Kingdom,JH18 2TR,14.2719,-144.5986,GB,https://randomuser.me/api/portraits/women/79.jpg,2002-12-17
230,Estéfano,Silveira,estefano.silveira@example.com,lazyduck177,male,70,1956-04-22,(55) 9967-6310,(35) 5093-0814,4758 Beco dos Namorados,Indaiatuba,Pará,Brazil,68889,-39.5918,105.8373,BR,https://randomuser.me/api/portraits/men/3.jpg,2018-07-25
231,Lee,Brewer,lee.brewer@example.com,heavypanda899,male,80,1946-06-26,06-3438-0280,0498-075-169,3690 Brown Terrace,Mackay,Western Australia,Australia,1586,85.3908,-2.5461,AU,https://randomuser.me/api/portraits/men/22.jpg,2022-01-09
232,Elliot,Pelletier,elliot.pelletier@example.com,ticklishmeercat233,male,55,1970-12-31,X84 O94-3007,A63 M99-7193,8404 Charles St,St. Antoine,New Brunswick,Canada,M7M 3V6,-48.5775,22.8259,CA,https://randomuser.me/api/portraits/men/57.jpg,2008-05-30
233,Clinton,Schmidt,clinton.schmidt@example.com,silvergorilla632,male,79,1947-06-28,(670) 738-2447,(969) 708-2293,3989 Fincher Rd,Oceanside,New York,United States,96506,-84.0645,-175.5428,US,https://randomuser.me/api/portraits/men/96.jpg,2019-02-15
234,Lauren,Hansen,lauren.hansen@example.com,angrycat553,female,38,1987-11-07,08-6066-8066,0460-289-708,4903 Rolling Green Rd,Sydney,South Australia,Australia,9193,-8.1238,-139.6366,AU,https://randomuser.me/api/portraits/women/25.jpg,2021-05-03
235,Hector,Kelly,hector.kelly@example.com,greengoose655,male,47,1978-11-11,06-4411-6479,0490-446-515,3673 Parker Rd,Devonport,Queensland,Australia,1044,65.6006,113.9176,AU,https://randomuser.me/api/portraits/men/15.jpg,2004-07-27
236,Roberta,Mckinney,roberta.mckinney@example.com,tinyladybug896,female,65,1960-08-26,06-7208-5914,0445-195-844,6994 Mockingbird Ln,Dubbo,New South Wales,Australia,1671,-39.7081,105.9007,AU,https://randomuser.me/api/portraits/women/46.jpg,2016-02-27
237,Phillip,Rhodes,phillip.rhodes@example.com,bluefrog535,male,44,1982-05-05,(682) 722-0383,(766) 762-8681,4528 Parker Rd,Naperville,Arkansas,United States,12134,-11.7028,117.9719,US,https://randomuser.me/api/portraits/men/3.jpg,2003-04-09
238,Hanna,Meyer,hanna.meyer@example.com,happypanda804,female,57,1969-04-24,015395 05598,07004 588377,4066 Victoria Street,Chester,Somerset,United Kingdom,U0G 6XD,-71.4305,160.6593,GB,https://randomuser.me/api/portraits/women/23.jpg,2008-06-14
239,Tristan,Knight,tristan.knight@example.com,heavykoala948,male,73,1953-05-15,K93 B85-3924,D56 V07-5566,3390 King St,Glenwood,Ontario,Canada,T9L 8T9,-76.8284,74.0798,CA,https://randomuser.me/api/portraits/men/45.jpg,2012-12-03
240,Lori,Little,lori.little@example.com,yellowbear395,female,28,1998-06-30,05-2063-6164,0447-344-150,6083 Wycliff Ave,Mackay,Tasmania,Australia,4716,37.4308,-42.5009,AU,https://randomuser.me/api/portraits/women/8.jpg,2006-05-18
241,Marie,Wilson,marie.wilson@example.com,yellowwolf979,female,75,1950-09-26,015396 58629,07745 618263,2557 Grove Road,Lichfield,West Glamorgan,United Kingdom,N0 8ZG,-70.8439,178.7184,GB,https://randomuser.me/api/portraits/women/76.jpg,2004-11-07
242,Hilda,Morales,hilda.morales@example.com,ticklishgoose636,female,32,1994-03-05,07-0433-5845,0407-644-367,8138 Plum St,Ballarat,South Australia,Australia,2407,40.7173,25.6944,AU,https://randomuser.me/api/portraits/women/43.jpg,2010-10-21
243,Nolan,Miller,nolan.miller@example.com,smallkoala816,male,48,1978-03-04,016977 68370,07959 508027,6214 York Road,Birmingham,South Yorkshire,United Kingdom,W98 0XP,63.1424,-171.2921,GB,https://randomuser.me/api/portraits/men/39.jpg,2003-12-16
244,Brennan,Newman,brennan.newman@example.com,happygoose915,male,54,1971-08-12,015396 99852,07056 955332,3442 Kingsway,Peterborough,Warwickshire,United Kingdom,OJ3V 2BF,-27.3953,1.2607,GB,https://randomuser.me/api/portraits/men/20.jpg,2015-09-17
245,Manuel,Elliott,manuel.elliott@example.com,heavyfrog796,male,73,1953-01-22,(908) 443-0007,(704) 793-6474,7294 E Center St,Garland,West Virginia,United States,39602,12.4422,-126.3901,US,https://randomuser.me/api/portraits/men/8.jpg,2007-10-19
246,Layla,Gonzalez,layla.gonzalez@example.com,lazyrabbit370,female,33,1992-09-23,09-5296-5786,0456-213-552,1148 Karen Dr,Melbourne,Northern Territory,Australia,9088,40.9672,89.9134,AU,https://randomuser.me/api/portraits/women/52.jpg,2011-09-20
247,Ethan,Morris,ethan.morris@example.com,tinypeacock781,male,65,1961-05-17,(630) 280-4083,(289) 252-9068,3308 Valwood Pkwy,Indianapolis,Kansas,United States,17088,60.5950,-119.7411,US,https://randomuser.me/api/portraits/men/43.jpg,2016-05-27
248,Reginald,Green,reginald.green@example.com,greenfrog554,male,70,1956-04-08,07-4957-6201,0443-001-147,7364 Thornridge Cir,Shepparton,Victoria,Australia,9242,-37.2085,-23.7421,AU,https://randomuser.me/api/portraits/men/37.jpg,2014-03-13
249,Kayla,May,kayla.may@example.com,heavyfrog188,female,61,1965-06-23,016974 14252,07940 552766,749 Queensway,Lincoln,Isle of Wight,United Kingdom,B0E 8ZH,47.4214,128.9396,GB,https://randomuser.me/api/portraits/women/67.jpg,2006-04-26
250,Adam,Gagnon,adam.gagnon@example.com,heavybutterfly534,male,81,1945-03-24,D59 B36-5872,X28 S41-2596,9024 Queen St,Selkirk,New Brunswick,Canada,W8Z 0P4,2.0117,-104.8205,CA,https://randomuser.me/api/portraits/men/22.jpg,2021-05-30
251,Gabrielle,Chu,gabrielle.chu@example.com,smallladybug807,female,44,1982-04-05,T20 Z49-4330,Z57 T95-8743,4706 West Ave,Clinton,New Brunswick,Canada,L4P 8G6,-51.7261,-55.7397,CA,https://randomuser.me/api/portraits/women/93.jpg,2011-12-02
252,Jordan,Mason,jordan.mason@example.com,smallfish159,male,51,1974-11-18,015242 90864,07062 742632,5731 Rectory Lane,Wolverhampton,Kent,United Kingdom,CT4 7DB,-19.4288,-173.0494,GB,https://randomuser.me/api/portraits/men/11.jpg,2019-03-01
253,Brennan,Henry,brennan.henry@example.com,blackpeacock680,male,79,1947-05-28,(840) 456-6629,(524) 467-7986,3670 Smokey Ln,Manchester,Georgia,United States,10456,6.4006,161.8537,US,https://randomuser.me/api/portraits/men/34.jpg,2019-11-26
254,Annabelle,Williams,annabelle.williams@example.com,angrymouse859,female,58,1967-09-01,M33 M31-4471,N31 T63-6370,2481 Charles St,Enterprise,Newfoundland and Labrador,Canada,D2A 4P4,-46.3663,-89.4629,CA,https://randomuser.me/api/portraits/women/51.jpg,2018-06-15
255,Jamie,Edwards,jamie.edwards@example.com,beautifulladybug854,female,48,1977-10-02,(698) 281-8721,(251) 685-1838,3494 Harrison Ct,Fargo,Mississippi,United States,58094,80.8512,-42.5934,US,https://randomuser.me/api/portraits/women/73.jpg,2020-05-14
256,Jayden,Ouellet,jayden.ouellet@example.com,sadgorilla310,male,74,1952-05-20,L85 X56-1950,X70 J05-4806,8909 King St,Belmont,Nova Scotia,Canada,Z5E 7R7,-27.7759,-0.4796,CA,https://randomuser.me/api/portraits/men/6.jpg,2018-07-27
257,Conrado,Nascimento,conrado.nascimento@example.com,organicladybug588,male,52,1974-04-09,(65) 0872-7044,(06) 7444-9315,8531 Rua Pará ,Valparaíso de Goiás,Rondônia,Brazil,97449,-55.7972,58.3339,BR,https://randomuser.me/api/portraits/men/41.jpg,2005-06-19
258,Valente,Pinto,valente.pinto@example.com,brownsnake965,male,63,1963-03-12,(46) 4166-2700,(90) 2678-3447,5127 Rua Dezenove de Outubro,São Vicente,São Paulo,Brazil,62340,-75.7828,160.0802,BR,https://randomuser.me/api/portraits/men/75.jpg,2012-12-08
259,Christina,Kuhn,christina.kuhn@example.com,bluedog688,female,34,1991-10-22,(685) 813-8238,(649) 289-6543,3487 Elgin St,Colorado Springs,South Dakota,United States,78180,-73.7612,-78.1840,US,https://randomuser.me/api/portraits/women/33.jpg,2004-01-24
260,Francis,Gomez,francis.gomez@example.com,blackkoala342,male,57,1968-09-08,016973 76708,07911 991691,3035 St. John’S Road,Sunderland,Durham,United Kingdom,L8O 6YB,-23.3265,-67.3567,GB,https://randomuser.me/api/portraits/men/78.jpg,2018-02-21
261,Edgar,Meyer,edgar.meyer@example.com,crazylion335,male,66,1959-08-18,017684 07747,07957 426570,6590 Victoria Road,Southampton,Cheshire,United Kingdom,U8G 3YF,51.2406,119.5981,GB,https://randomuser.me/api/portraits/men/2.jpg,2012-10-02
262,Christina,Bennett,christina.bennett@example.com,happypeacock631,female,54,1972-01-03,(934) 568-0741,(729) 596-5309,9815 W Campbell Ave,Lancaster,Pennsylvania,United States,67690,64.8616,115.5819,US,https://randomuser.me/api/portraits/women/72.jpg,2016-06-02
263,George,Holland,george.holland@example.com,brownsnake498,male,35,1991-07-07,015394 30722,07070 333029,8599 The Drive,Bradford,Mid Glamorgan,United Kingdom,Q3N 0PP,66.8357,43.9374,GB,https://randomuser.me/api/portraits/men/17.jpg,2019-09-13
264,Zoe,Bradley,zoe.bradley@example.com,happymouse783,female,41,1984-09-26,017683 26194,07393 768135,5436 School Lane,Sheffield,Nottinghamshire,United Kingdom,ZT5X 9PY,25.6407,-170.9444,GB,https://randomuser.me/api/portraits/women/44.jpg,2012-04-28
265,Kylie,Spencer,kylie.spencer@example.com,crazygoose320,female,57,1969-01-12,02-7836-3637,0451-446-004,406 Hillcrest Rd,Geraldton,Tasmania,Australia,3696,-40.2533,4.7068,AU,https://randomuser.me/api/portraits/women/58.jpg,2006-09-02
266,Mark,Campbell,mark.campbell@example.com,yellowpeacock910,male,57,1968-09-10,022 5597 7147,07868 418120,9960 George Street,Birmingham,Somerset,United Kingdom,O84 4TH,-41.2032,-167.4668,GB,https://randomuser.me/api/portraits/men/61.jpg,2014-12-06
267,Catalina,Nascimento,catalina.nascimento@example.com,goldengorilla845,female,80,1946-05-15,(65) 0631-4465,(05) 2961-1867,121 Rua São Francisco ,Campos dos Goytacazes,Rio Grande do Norte,Brazil,98623,59.0389,36.1419,BR,https://randomuser.me/api/portraits/women/92.jpg,2020-08-07
268,Emily,Harris,emily.harris@example.com,bluekoala695,female,81,1944-11-21,Q45 R85-3980,P61 Y79-0914,1989 Arctic Way,Clinton,Newfoundland and Labrador,Canada,D7N 8R6,29.9824,-80.7689,CA,https://randomuser.me/api/portraits/women/31.jpg,2003-10-20
269,Alexis,Chu,alexis.chu@example.com,redkoala858,male,43,1982-11-13,O10 N07-7667,Q85 N76-6457,6341 Simcoe St,Red Rock,Nunavut,Canada,X2N 9E7,-28.2535,-149.2797,CA,https://randomuser.me/api/portraits/men/78.jpg,2002-08-28
270,Marion,Russell,marion.russell@example.com,yellowzebra793,male,81,1944-11-08,(418) 748-6692,(280) 663-8448,3578 Photinia Ave,Allen,Washington,United States,69963,10.6874,-134.5049,US,https://randomuser.me/api/portraits/men/58.jpg,2015-05-21
271,Emi,Rezende,emi.rezende@example.com,brownwolf493,female,71,1954-08-11,(26) 6614-7258,(67) 4144-0550,3077 Rua da Paz ,Palhoça,Pará,Brazil,53306,51.9106,-88.9191,BR,https://randomuser.me/api/portraits/women/65.jpg,2005-01-10
272,Martins,da Cruz,martins.dacruz@example.com,yellowfrog100,male,32,1993-10-27,(38) 1425-6202,(41) 9943-9328,150 Rua São Pedro ,Rio Verde,Tocantins,Brazil,45058,-28.6827,91.6834,BR,https://randomuser.me/api/portraits/men/75.jpg,2008-11-22
273,Jade,Ambrose,jade.ambrose@example.com,yellowzebra126,female,38,1988-04-03,T82 F46-4743,A23 H53-9824,2445 Lake of Bays Road,Woodstock,Manitoba,Canada,J8I 1M5,1.7902,81.6894,CA,https://randomuser.me/api/portraits/women/44.jpg,2002-06-03
274,Felix,Margaret,felix.margaret@example.com,purplepanda428,male,67,1958-11-18,J78 N75-7935,D34 C83-3886,4363 Tecumseh Rd,Armstrong,Yukon,Canada,S0J 8S1,73.5287,-153.2910,CA,https://randomuser.me/api/portraits/men/29.jpg,2003-10-20
275,June,Griffin,june.griffin@example.com,sadkoala560,female,56,1970-03-06,(699) 389-8764,(642) 370-9261,9479 Woodland St,Flint,North Dakota,United States,63954,40.0982,144.5756,US,https://randomuser.me/api/portraits/women/50.jpg,2004-08-30
276,Jim,Watson,jim.watson@example.com,yellowmouse244,male,67,1959-02-24,017684 09730,07828 582249,6288 Queens Road,Durham,Shropshire,United Kingdom,AO5 4FQ,-51.7813,37.3942,GB,https://randomuser.me/api/portraits/men/10.jpg,2018-11-10
277,Armando,Garza,armando.garza@example.com,organicelephant596,male,65,1960-09-17,(702) 468-4402,(630) 787-5396,6087 Hamilton Ave,Denver,Missouri,United States,84973,45.7109,-128.1558,US,https://randomuser.me/api/portraits/men/99.jpg,2019-12-01
278,Tina,Jones,tina.jones@example.com,angryfish729,female,69,1957-05-25,(722) 629-9008,(677) 992-8844,884 College St,Paterson,New Mexico,United States,47003,24.2599,24.4110,US,https://randomuser.me/api/portraits/women/81.jpg,2009-09-13
279,Justin,Carlson,justin.carlson@example.com,crazyleopard617,male,51,1974-07-30,(740) 889-9474,(706) 855-2901,6250 E Center St,Alexandria,Mississippi,United States,85255,35.8091,179.7656,US,https://randomuser.me/api/portraits/men/30.jpg,2014-01-30
280,Arlene,Weaver,arlene.weaver@example.com,ticklishswan901,female,28,1997-09-14,00-8640-6294,0472-097-674,3719 Homestead Rd,Bundaberg,Northern Territory,Australia,5225,-39.3098,62.0388,AU,https://randomuser.me/api/portraits/women/43.jpg,2007-12-10
281,Cinira,Novaes,cinira.novaes@example.com,goldenbird315,female,51,1975-03-05,(88) 1183-1588,(10) 7304-8426,4469 Rua Rio de Janeiro ,Santa Luzia,Santa Catarina,Brazil,31797,64.1834,41.0953,BR,https://randomuser.me/api/portraits/women/49.jpg,2007-11-06
282,Francilene,Aragão,francilene.aragao@example.com,beautifullion694,female,50,1976-06-19,(22) 7537-7533,(95) 3601-2287,3775 Rua Castro Alves ,São Mateus,Amapá,Brazil,14814,-17.9764,45.8669,BR,https://randomuser.me/api/portraits/women/66.jpg,2022-02-24
283,Daniel,Grewal,daniel.grewal@example.com,goldenduck133,male,55,1971-05-18,T52 K91-5066,N04 B47-2336,7308 St. Lawrence Ave,Cochrane,Manitoba,Canada,N2N 5V2,-65.5343,-145.3449,CA,https://randomuser.me/api/portraits/men/31.jpg,2005-07-15
284,Olivia,Burke,olivia.burke@example.com,tinypanda225,female,70,1955-07-29,017683 33600,07105 526828,69 Green Lane,Newcastle upon Tyne,Shropshire,United Kingdom,H2B 2TN,87.7230,49.8396,GB,https://randomuser.me/api/portraits/women/79.jpg,2012-03-30
285,Teresa,Ramirez,teresa.ramirez@example.com,greenkoala999,female,35,1991-03-05,01695 783484,07467 176644,4314 Church Road,Winchester,Greater Manchester,United Kingdom,U4J 4XY,86.6441,-103.1404,GB,https://randomuser.me/api/portraits/women/55.jpg,2007-01-11
286,Madalena,da Rosa,madalena.darosa@example.com,goldenleopard429,female,42,1983-10-30,(65) 4115-4099,(91) 6016-9255,502 Rua Principal,Jaraguá do Sul,Bahia,Brazil,77131,-11.5623,-141.7326,BR,https://randomuser.me/api/portraits/women/85.jpg,2011-05-26
287,Raymond,Grant,raymond.grant@example.com,smallbutterfly274,male,75,1951-01-31,(423) 230-3186,(809) 505-0406,518 Eason Rd,Baltimore,Delaware,United States,86230,87.7213,31.5177,US,https://randomuser.me/api/portraits/men/40.jpg,2004-02-07
288,Rosa,Henderson,rosa.henderson@example.com,happyfish622,female,48,1977-07-26,03-8724-5027,0411-200-768,7681 Robinson Rd,Orange,Queensland,Australia,9564,-55.0494,-11.3405,AU,https://randomuser.me/api/portraits/women/11.jpg,2006-05-03
289,Michael,Cole,michael.cole@example.com,browngorilla861,male,57,1969-03-16,015394 81505,07494 488499,5833 The Crescent,Winchester,North Yorkshire,United Kingdom,I73 2ZL,70.4797,-49.2016,GB,https://randomuser.me/api/portraits/men/51.jpg,2021-10-08
290,Julie,Lowe,julie.lowe@example.com,greenwolf475,female,51,1975-05-30,017684 44055,07311 516465,7233 Oaks Cross,Bristol,West Yorkshire,United Kingdom,E0W 8JQ,-50.7130,-174.5272,GB,https://randomuser.me/api/portraits/women/81.jpg,2009-03-28
291,Jack,Hoffman,jack.hoffman@example.com,organicfish538,male,34,1992-06-28,(411) 454-4704,(460) 990-7994,2226 Saddle Dr,Oceanside,Maryland,United States,36630,44.0258,-56.5229,US,https://randomuser.me/api/portraits/men/70.jpg,2016-01-25
292,Angel,Scott,angel.scott@example.com,silverswan612,male,58,1967-11-28,05-4906-0856,0438-031-950,4255 W Sherman Dr,Perth,South Australia,Australia,211,-51.8752,-35.1567,AU,https://randomuser.me/api/portraits/men/38.jpg,2010-11-11
293,Judith,Soto,judith.soto@example.com,tinyelephant851,female,37,1989-03-20,(661) 654-0995,(611) 816-3843,7598 Pecan Acres Ln,Carlsbad,Michigan,United States,92145,25.7067,58.0027,US,https://randomuser.me/api/portraits/women/56.jpg,2016-06-05
294,Sophia,Jenkins,sophia.jenkins@example.com,lazybird189,female,39,1986-12-15,015396 78394,07741 789700,4887 Station Road,Kingston upon Hull,County Tyrone,United Kingdom,TJ23 1FH,59.3399,34.1567,GB,https://randomuser.me/api/portraits/women/65.jpg,2006-10-04
295,Vanessa,Crawford,vanessa.crawford@example.com,orangepanda385,female,64,1961-10-31,0131 230 2848,07952 892357,3712 Grange Road,Carlisle,Leicestershire,United Kingdom,X29 1HF,-38.2354,-99.8782,GB,https://randomuser.me/api/portraits/women/24.jpg,2007-12-20
296,Samuel,Lévesque,samuel.levesque@example.com,organicleopard147,male,69,1957-01-03,F59 M50-7673,I39 O12-6481,310 Arctic Way,Cartwright,Manitoba,Canada,U9W 0L0,27.4899,-105.7336,CA,https://randomuser.me/api/portraits/men/31.jpg,2007-05-21
297,Duarte,Farias,duarte.farias@example.com,purplebutterfly839,male,71,1954-09-13,(40) 0678-7973,(28) 8827-9118,6720 Avenida D. Pedro Ii,Parintins,Piauí,Brazil,79705,-50.4095,-20.8401,BR,https://randomuser.me/api/portraits/men/79.jpg,2008-09-11
298,Alexa,Gregory,alexa.gregory@example.com,beautifulelephant349,female,52,1974-02-21,06-0949-6526,0404-701-937,7172 Robinson Rd,Adelaide,Queensland,Australia,5192,71.4872,32.7089,AU,https://randomuser.me/api/portraits/women/0.jpg,2017-02-16
299,Victoria,Grewal,victoria.grewal@example.com,redostrich291,female,80,1946-02-03,K42 B71-6013,L11 W15-0304,1284 Elgin St,Trout Lake,Saskatchewan,Canada,W6R 8C3,18.5811,-78.6418,CA,https://randomuser.me/api/portraits/women/49.jpg,2021-11-18
300,Kurt,Freeman,kurt.freeman@example.com,brownelephant675,male,56,1970-06-27,00-7249-9092,0450-207-111,310 Lakeshore Rd,Coffs Harbour,Tasmania,Australia,7362,85.4913,-51.6865,AU,https://randomuser.me/api/portraits/men/85.jpg,2010-11-16
301,Roberto,White,roberto.white@example.com,lazymouse959,male,56,1970-06-19,013873 40673,07928 414003,4778 York Road,Ripon,Gwynedd County,United Kingdom,PK1 9QJ,-82.9639,-67.7237,GB,https://randomuser.me/api/portraits/men/54.jpg,2018-02-20
302,Amy,Wong,amy.wong@example.com,whiteleopard302,female,50,1975-08-17,Q53 I66-3084,Z02 T12-7819,1399 George St,Selkirk,Newfoundland and Labrador,Canada,A2U 6H0,7.3318,-67.7082,CA,https://randomuser.me/api/portraits/women/7.jpg,2011-09-18
303,Sylvia,George,sylvia.george@example.com,sadlion344,female,50,1976-04-27,08-1542-6833,0439-289-149,1661 Mcclellan Rd,Warrnambool,South Australia,Australia,9560,-19.5934,105.0909,AU,https://randomuser.me/api/portraits/women/19.jpg,2006-06-14
304,Franclim,Carvalho,franclim.carvalho@example.com,happyfish886,male,42,1983-12-07,(01) 2501-6466,(40) 8700-7635,6339 Rua Tiradentes ,Ubá,Rio Grande do Sul,Brazil,32242,-81.2605,-20.0399,BR,https://randomuser.me/api/portraits/men/55.jpg,2017-07-25
305,Frank,Welch,frank.welch@example.com,organiccat893,male,75,1951-02-21,(820) 515-7405,(598) 252-2455,7936 Spring Hill Rd,Glendale,Pennsylvania,United States,63369,-46.2455,-68.5946,US,https://randomuser.me/api/portraits/men/32.jpg,2003-10-22
306,Sophia,Chow,sophia.chow@example.com,angrymouse135,female,53,1973-02-19,F00 R04-5096,E24 O11-1898,1061 West Ave,Victoria,Nova Scotia,Canada,N0D 9I5,78.9256,137.8017,CA,https://randomuser.me/api/portraits/women/38.jpg,2021-11-04
307,Genésio,Alves,genesio.alves@example.com,bigfish323,male,33,1992-11-03,(36) 1683-2451,(03) 2272-4223,2157 Rua Quinze de Novembro ,Santos,Santa Catarina,Brazil,20065,-85.1247,77.2399,BR,https://randomuser.me/api/portraits/men/68.jpg,2014-07-24
308,Andreo,da Rosa,andreo.darosa@example.com,redtiger355,male,38,1987-09-13,(23) 9421-8167,(10) 2042-7326,9162 Rua da Paz ,Florianópolis,Roraima,Brazil,50559,29.1547,-153.4929,BR,https://randomuser.me/api/portraits/men/26.jpg,2009-04-22
309,Stacey,Nichols,stacey.nichols@example.com,greenbear418,female,51,1974-10-08,(268) 703-6716,(263) 793-8479,3352 Frances Ct,Modesto,Florida,United States,91744,-64.3658,-62.9289,US,https://randomuser.me/api/portraits/women/73.jpg,2009-03-22
310,Florentina,da Rocha,florentina.darocha@example.com,lazysnake393,female,36,1989-12-04,(37) 3717-7384,(29) 7374-1670,3764 Rua Mato Grosso ,Almirante Tamandaré,Amapá,Brazil,42708,-24.9230,58.4514,BR,https://randomuser.me/api/portraits/women/56.jpg,2011-06-20
311,Louis,White,louis.white@example.com,sadkoala579,male,51,1974-10-07,H37 E68-1020,Z75 Z44-9232,1259 Tecumseh Rd,Princeton,Saskatchewan,Canada,Z2U 9S9,38.6534,-144.5423,CA,https://randomuser.me/api/portraits/men/30.jpg,2017-04-17
312,Anne,Fox,anne.fox@example.com,bluezebra967,female,33,1992-09-13,02-5862-3356,0491-140-001,1281 Blossom Hill Rd,Toowoomba,South Australia,Australia,1310,61.3510,103.0536,AU,https://randomuser.me/api/portraits/women/52.jpg,2008-06-17
313,Richard,Weaver,richard.weaver@example.com,crazytiger112,male,56,1969-11-05,01435 302009,07114 511513,2935 Park Avenue,Leicester,Wiltshire,United Kingdom,F0 2AH,0.8942,-50.6094,GB,https://randomuser.me/api/portraits/men/77.jpg,2014-02-21
314,Arnaud,Denys,arnaud.denys@example.com,crazyleopard762,male,59,1966-10-14,N59 O10-5357,R39 G51-9945,7787 Queen St,Armstrong,New Brunswick,Canada,K3I 5E1,67.7619,-127.8150,CA,https://randomuser.me/api/portraits/men/68.jpg,2012-08-11
315,Arron,May,arron.may@example.com,bigpanda568,male,38,1988-03-29,015242 82158,07417 365668,6009 The Green,Kingston upon Hull,North Yorkshire,United Kingdom,VD5 2ST,5.5596,-122.0343,GB,https://randomuser.me/api/portraits/men/71.jpg,2014-12-28
316,Harry,Cook,harry.cook@example.com,blackbird988,male,59,1967-06-14,(318) 334-3013,(758) 730-1809,4772 Lone Wolf Trail,Downey,Montana,United States,49066,10.8607,-66.5626,US,https://randomuser.me/api/portraits/men/44.jpg,2021-04-11
317,Rosalyn,Black,rosalyn.black@example.com,beautifulfish621,female,48,1978-07-01,015395 55773,07576 158866,4370 Park Avenue,Lisburn,Devon,United Kingdom,T9 3DW,29.2682,120.5339,GB,https://randomuser.me/api/portraits/women/42.jpg,2008-11-28
318,Sophia,Steward,sophia.steward@example.com,happyleopard884,female,41,1984-12-10,019467 22637,07000 313257,9143 London Road,Liverpool,Cumbria,United Kingdom,QM9 4PG,86.9108,168.5601,GB,https://randomuser.me/api/portraits/women/54.jpg,2007-05-06
319,Anna,Silva,anna.silva@example.com,ticklishbear892,female,63,1962-09-06,01-9586-3934,0411-449-350,909 Smokey Ln,Maitland,Western Australia,Australia,6842,-75.2635,-176.2010,AU,https://randomuser.me/api/portraits/women/86.jpg,2006-10-11
320,Janet,Bennett,janet.bennett@example.com,greenmouse792,female,26,2000-05-20,08-7492-6908,0431-109-753,284 Bruce St,Launceston,Northern Territory,Australia,7003,-81.1020,-136.4317,AU,https://randomuser.me/api/portraits/women/8.jpg,2005-01-20
321,Louis,Chambers,louis.chambers@example.com,orangelion788,male,32,1994-03-18,017684 93047,07489 411051,2356 Manor Road,Sheffield,Leicestershire,United Kingdom,P5K 3FH,18.9297,76.3853,GB,https://randomuser.me/api/portraits/men/21.jpg,2003-12-24
322,Hugh,Hall,hugh.hall@example.com,whiteostrich257,male,47,1978-09-13,07-3536-4593,0473-949-692,2048 Smokey Ln,Brisbane,South Australia,Australia,9165,-68.6725,138.3434,AU,https://randomuser.me/api/portraits/men/44.jpg,2009-09-01
323,Valdira,Duarte,valdira.duarte@example.com,blackleopard794,female,76,1949-09-18,(88) 3742-8533,(55) 4859-3932,549 Rua Vinte E Quatro de Outubro,Pelotas,São Paulo,Brazil,74077,-71.6020,-147.7213,BR,https://randomuser.me/api/portraits/women/2.jpg,2005-06-21
324,Paul,Scott,paul.scott@example.com,organicpanda470,male,72,1953-08-13,06-7791-1149,0413-732-039,4106 W Gray St,Geraldton,Western Australia,Australia,4005,12.6762,-66.1383,AU,https://randomuser.me/api/portraits/men/56.jpg,2002-12-27
325,Willard,Spencer,willard.spencer@example.com,whitetiger330,male,80,1946-04-04,06-9190-8093,0432-464-497,7564 Woodland St,Albury,Australian Capital Territory,Australia,8655,-58.1774,154.3612,AU,https://randomuser.me/api/portraits/men/5.jpg,2020-09-24
326,Brielle,Gauthier,brielle.gauthier@example.com,silverbird713,female,59,1966-12-22,U21 H97-6445,V47 V55-5653,3671 George St,Armstrong,Alberta,Canada,A3U 6N4,4.9465,64.7325,CA,https://randomuser.me/api/portraits/women/84.jpg,2002-06-05
327,Grace,Crawford,grace.crawford@example.com,smallgorilla357,female,45,1980-09-27,(418) 840-4391,(646) 806-0114,5113 Bruce St,Surprise,Illinois,United States,90449,-70.1622,-71.2072,US,https://randomuser.me/api/portraits/women/9.jpg,2021-01-22
328,Kelly,Young,kelly.young@example.com,goldenelephant470,female,55,1970-11-17,06-9341-7275,0440-497-963,3913 Hunters Creek Dr,Devonport,Queensland,Australia,8874,36.2104,173.7745,AU,https://randomuser.me/api/portraits/women/80.jpg,2022-04-11
329,Charlie,Chow,charlie.chow@example.com,goldenelephant412,female,42,1984-04-28,B53 V68-3659,U00 R97-3696,5938 Disputed Rd,Waterloo,Ontario,Canada,J8J 3J0,84.7821,140.2356,CA,https://randomuser.me/api/portraits/women/51.jpg,2013-05-22
330,Gerry,Vasquez,gerry.vasquez@example.com,yellowdog652,male,78,1948-05-02,016973 01879,07302 131564,349 Rectory Lane,Salisbury,Staffordshire,United Kingdom,B4 4HY,-55.4798,144.1200,GB,https://randomuser.me/api/portraits/men/19.jpg,2013-09-11
331,Salvador,Berry,salvador.berry@example.com,tinywolf425,male,30,1996-03-22,(237) 500-5733,(828) 830-0269,3519 Saddle Dr,Raleigh,New Hampshire,United States,65735,-44.3774,-147.7637,US,https://randomuser.me/api/portraits/men/26.jpg,2003-02-11
332,Darren,Beck,darren.beck@example.com,beautifulladybug765,male,69,1956-10-16,(372) 787-1281,(618) 538-0823,1812 Hillcrest Rd,Carrollton,West Virginia,United States,60598,77.8696,25.2952,US,https://randomuser.me/api/portraits/men/23.jpg,2010-01-18
333,Howard,Gonzalez,howard.gonzalez@example.com,ticklishdog730,male,55,1971-05-30,(788) 411-4002,(496) 807-1781,6258 First Street,Albany,Georgia,United States,17846,-23.8773,-55.4651,US,https://randomuser.me/api/portraits/men/77.jpg,2021-08-22
334,Mery,Melo,mery.melo@example.com,crazytiger116,female,52,1974-01-13,(22) 7669-7515,(43) 8204-0836,6 Rua Tiradentes ,Jaú,Sergipe,Brazil,76003,78.6105,52.3853,BR,https://randomuser.me/api/portraits/women/15.jpg,2020-05-18
335,Johnni,Macrae,johnni.macrae@example.com,redleopard469,male,63,1963-06-10,019467 70196,07644 495225,5979 York Road,Brighton and Hove,Greater Manchester,United Kingdom,P95 1JE,-48.4343,-0.3043,GB,https://randomuser.me/api/portraits/men/5.jpg,2021-08-25
336,Dick,Torres,dick.torres@example.com,angrysnake488,male,44,1982-06-26,017687 67237,07413 041400,270 North Road,Liverpool,Staffordshire,United Kingdom,TT64 0RA,4.9962,132.2111,GB,https://randomuser.me/api/portraits/men/91.jpg,2013-08-01
337,Susanna,Simmons,susanna.simmons@example.com,tinymeercat480,female,68,1957-11-03,015395 23342,07941 888272,5028 Grove Road,Bath,Strathclyde,United Kingdom,O12 6PJ,56.4761,-55.0430,GB,https://randomuser.me/api/portraits/women/28.jpg,2006-09-04
338,Regina,Rocha,regina.rocha@example.com,beautifulsnake953,female,48,1977-08-23,(61) 4317-6125,(29) 7480-5295,1450 Rua Vinte E Um,Salvador,Paraíba,Brazil,78391,-66.3569,-67.3019,BR,https://randomuser.me/api/portraits/women/33.jpg,2006-03-01
339,Brandão,Ferreira,brandao.ferreira@example.com,crazyrabbit210,male,45,1980-10-02,(38) 4195-0445,(33) 6523-6073,504 Rua Rio de Janeiro ,Arapongas,Pará,Brazil,47349,34.6290,23.5999,BR,https://randomuser.me/api/portraits/men/98.jpg,2002-08-13
340,Jay,Wagner,jay.wagner@example.com,lazykoala390,male,70,1955-11-08,015394 63241,07706 592741,8476 Station Road,Sunderland,County Tyrone,United Kingdom,KX0S 4QY,-77.5686,-85.5229,GB,https://randomuser.me/api/portraits/men/76.jpg,2003-01-17
341,Vivan,Harvey,vivan.harvey@example.com,silversnake829,female,33,1992-10-04,00-6178-3557,0447-552-964,1744 Smokey Ln,Hervey Bay,Western Australia,Australia,5619,51.6669,-31.7368,AU,https://randomuser.me/api/portraits/women/4.jpg,2010-07-12
342,Scarlett,Hansen,scarlett.hansen@example.com,tinypanda823,female,80,1945-07-30,06-1744-1882,0479-461-338,5621 Samaritan Dr,Dubbo,Australian Capital Territory,Australia,248,-58.2594,-82.9474,AU,https://randomuser.me/api/portraits/women/61.jpg,2013-05-19
343,Xander,Watts,xander.watts@example.com,greengorilla457,male,72,1954-01-05,019467 47071,07586 745741,7830 Church Street,Oxford,Tyne and Wear,United Kingdom,WZ7 3HX,-40.1933,-80.7084,GB,https://randomuser.me/api/portraits/men/80.jpg,2021-11-10
344,Jane,Gomez,jane.gomez@example.com,crazydog961,female,62,1964-03-30,01-4488-8312,0440-446-620,9231 E Pecan St,Australian Capital Territory,Victoria,Australia,1678,30.7341,132.5442,AU,https://randomuser.me/api/portraits/women/74.jpg,2004-04-16
345,Julio,Ruiz,julio.ruiz@example.com,angrykoala528,male,72,1954-06-09,01-2298-0341,0453-994-190,1449 Woodland St,Geraldton,Australian Capital Territory,Australia,9040,-46.8866,-6.5240,AU,https://randomuser.me/api/portraits/men/42.jpg,2014-09-28
346,Gary,Edwards,gary.edwards@example.com,goldenwolf264,male,78,1947-10-20,01874 56357,07300 106712,2570 North Road,Worcester,West Glamorgan,United Kingdom,MA8B 7NP,-3.4691,-132.3965,GB,https://randomuser.me/api/portraits/men/73.jpg,2009-06-19
347,Karina,da Mata,karina.damata@example.com,orangebear634,female,63,1963-03-06,(06) 6469-0823,(30) 7934-8926,4933 Rua Dezenove de Outubro,São Bernardo do Campo,Paraná,Brazil,74628,13.4623,-166.9500,BR,https://randomuser.me/api/portraits/women/93.jpg,2011-01-05
348,Harper,Meyer,harper.meyer@example.com,ticklishtiger197,female,69,1957-04-20,01-7712-7702,0496-064-312,4042 Groveland Terrace,Sunshine Coast,Australian Capital Territory,Australia,2171,-74.4379,176.5455,AU,https://randomuser.me/api/portraits/women/47.jpg,2016-12-28
349,Howard,Fowler,howard.fowler@example.com,silverlion117,male,57,1969-03-23,08-4811-9961,0472-766-681,3564 Mcclellan Rd,Albany,Western Australia,Australia,6557,-27.7968,-85.9271,AU,https://randomuser.me/api/portraits/men/4.jpg,2009-11-11
350,Danny,Fuller,danny.fuller@example.com,smallcat539,male,81,1944-10-07,00-2669-6153,0494-801-224,3235 Woodland St,Cairns,New South Wales,Australia,8528,-79.3271,128.5746,AU,https://randomuser.me/api/portraits/men/92.jpg,2007-09-16
351,Marcus,Nichols,marcus.nichols@example.com,goldenfrog287,male,77,1948-07-25,02-6413-1384,0498-182-284,9084 Wycliff Ave,Albury,Tasmania,Australia,2558,-32.0987,-179.3576,AU,https://randomuser.me/api/portraits/men/9.jpg,2017-06-02
352,Gina,Washington,gina.washington@example.com,tinyfrog692,female,60,1966-05-31,08-0424-0386,0475-386-379,1668 Lakeview St,Gladstone,Tasmania,Australia,1231,41.3707,-107.6633,AU,https://randomuser.me/api/portraits/women/17.jpg,2019-08-21
353,Javier,Russell,javier.russell@example.com,silverrabbit972,male,54,1972-04-01,(747) 374-1863,(383) 349-8976,8347 Hogan St,Celina,Colorado,United States,82493,54.6611,-110.7830,US,https://randomuser.me/api/portraits/men/15.jpg,2003-10-05
354,Maxime,Singh,maxime.singh@example.com,whitefish694,male,41,1984-12-25,S96 Q38-3756,O24 H49-4739,6543 Bay Ave,Jasper,Northwest Territories,Canada,K0U 5I3,-88.0586,-114.3583,CA,https://randomuser.me/api/portraits/men/54.jpg,2002-04-04
355,Wallace,Berry,wallace.berry@example.com,yellowpanda153,male,72,1953-09-11,(747) 569-9489,(987) 715-5405,1795 Robinson Rd,Bernalillo,California,United States,52028,-89.4270,-55.3102,US,https://randomuser.me/api/portraits/men/15.jpg,2011-07-13
356,Eleanor,Cunningham,eleanor.cunningham@example.com,blackbear943,female,76,1949-10-28,0171 899 8358,07126 140911,9712 Main Street,Sheffield,West Yorkshire,United Kingdom,U8 4FR,-69.8574,160.7262,GB,https://randomuser.me/api/portraits/women/47.jpg,2008-07-23
357,Davide,Fernandes,davide.fernandes@example.com,angrybird975,male,29,1997-04-09,(12) 7202-5191,(24) 2107-2093,6255 Rua Dezesseis de Maio,Itatiba,Maranhão,Brazil,65391,-60.4401,9.2719,BR,https://randomuser.me/api/portraits/men/93.jpg,2012-12-24
358,Aliana,Vieira,aliana.vieira@example.com,silverfish512,female,30,1996-06-30,(30) 9336-2131,(47) 8135-7707,2945 Rua Rui Barbosa ,Barretos,São Paulo,Brazil,72237,34.8147,27.9016,BR,https://randomuser.me/api/portraits/women/79.jpg,2017-03-28
359,Argemiro,de Souza,argemiro.desouza@example.com,goldenfish524,male,74,1951-10-26,(99) 7892-9714,(92) 9422-9684,4902 Rua Santa Rita ,Franca,Pará,Brazil,47588,-42.5513,-130.2346,BR,https://randomuser.me/api/portraits/men/18.jpg,2004-01-23
360,Delphine,Addy,delphine.addy@example.com,yellowlion397,female,39,1987-02-16,N79 L66-4281,I86 X21-0981,5092 Argyle St,Melbourne,Nunavut,Canada,R0O 4C9,-1.0177,-154.3381,CA,https://randomuser.me/api/portraits/women/78.jpg,2008-08-14
361,Tracy,Riley,tracy.riley@example.com,purplewolf799,male,81,1944-09-03,016977 4350,07788 880781,5477 The Crescent,Swansea,Mid Glamorgan,United Kingdom,DC80 5DH,-82.1434,109.8559,GB,https://randomuser.me/api/portraits/men/0.jpg,2008-01-03
362,Todd,Day,todd.day@example.com,beautifulsnake452,male,68,1958-06-01,(670) 353-4604,(210) 683-5464,5389 White Oak Dr,Tyler,Missouri,United States,51512,-11.2306,169.8873,US,https://randomuser.me/api/portraits/men/61.jpg,2010-07-23
363,Monya,da Rosa,monya.darosa@example.com,ticklishswan734,female,44,1981-11-26,(92) 2601-3668,(59) 3419-6214,9938 Rua Vinte E Dois ,Colatina,Mato Grosso,Brazil,35267,12.8945,149.6279,BR,https://randomuser.me/api/portraits/women/18.jpg,2018-10-03
364,Ava,Walker,ava.walker@example.com,happylion732,female,79,1947-06-29,N99 P78-2601,M37 H56-2061,4348 Elgin St,Chelsea,Ontario,Canada,V8B 8G6,-30.7524,52.1407,CA,https://randomuser.me/api/portraits/women/68.jpg,2006-01-06
365,Lee,Snyder,lee.snyder@example.com,smallduck904,male,49,1977-05-21,016977 01104,07290 988084,3114 Park Lane,Newcastle upon Tyne,Powys,United Kingdom,UC7 0LB,16.9003,149.4814,GB,https://randomuser.me/api/portraits/men/12.jpg,2009-05-20
366,Liam,Campbell,liam.campbell@example.com,biggorilla356,male,60,1965-10-27,U06 M68-1267,M39 Q41-5119,7396 Maple Ave,St. George,Northwest Territories,Canada,K2P 0J2,50.0106,-150.3215,CA,https://randomuser.me/api/portraits/men/93.jpg,2016-04-10
367,Helienay,Dias,helienay.dias@example.com,blackbutterfly253,female,43,1983-03-13,(43) 9822-1929,(64) 6856-8736,5832 Rua Duque de Caxias ,Crato,Ceará,Brazil,50118,-60.2395,-27.7184,BR,https://randomuser.me/api/portraits/women/28.jpg,2012-01-15
368,Genesis,Welch,genesis.welch@example.com,whitezebra775,female,51,1974-08-09,02-4357-2066,0402-647-351,3995 Fairview St,Bunbury,New South Wales,Australia,8556,-14.0997,-15.1070,AU,https://randomuser.me/api/portraits/women/15.jpg,2015-07-10
369,Marcus,Phillips,marcus.phillips@example.com,silverladybug955,male,35,1990-09-10,017683 80418,07247 457509,3395 King Street,Leeds,County Down,United Kingdom,TR35 9HH,-24.3573,137.3001,GB,https://randomuser.me/api/portraits/men/57.jpg,2003-02-15
370,Dennis,Chambers,dennis.chambers@example.com,tinyswan805,male,68,1957-08-22,015396 65811,07792 962855,19 Queens Road,Coventry,Hertfordshire,United Kingdom,G47 6FZ,-23.4827,-1.6250,GB,https://randomuser.me/api/portraits/men/1.jpg,2018-12-14
371,Susan,Marshall,susan.marshall@example.com,angrydog691,female,56,1969-07-24,015396 17162,07267 248521,1589 Kingsway,Dundee,Worcestershire,United Kingdom,UA7R 9GR,12.6845,11.1607,GB,https://randomuser.me/api/portraits/women/92.jpg,2007-03-28
372,Roland,Pierce,roland.pierce@example.com,orangefish894,male,74,1952-01-29,(414) 261-9812,(972) 921-7961,5535 Dane St,West Palm Beach,Colorado,United States,78521,-35.9842,30.0470,US,https://randomuser.me/api/portraits/men/84.jpg,2006-09-19
373,Jack,Harris,jack.harris@example.com,crazybutterfly798,male,61,1965-04-26,(916) 831-9678,(701) 710-2580,6731 Green Rd,Princeton,Idaho,United States,81596,-84.6100,-18.9882,US,https://randomuser.me/api/portraits/men/93.jpg,2009-05-15
374,Lesa,Anderson,lesa.anderson@example.com,purpletiger876,female,48,1978-02-22,02-3900-4812,0429-356-553,3863 Valley View Ln,Mildura,Victoria,Australia,2151,-82.3629,18.5678,AU,https://randomuser.me/api/portraits/women/55.jpg,2008-09-29
375,Carlos,Pearson,carlos.pearson@example.com,beautifulostrich792,male,51,1974-10-28,015242 24128,07050 409202,4652 Main Street,Cardiff,Wiltshire,United Kingdom,H9 7HJ,36.0206,177.5797,GB,https://randomuser.me/api/portraits/men/1.jpg,2003-08-19
376,Elijah,Ford,elijah.ford@example.com,redfrog793,male,74,1951-09-16,015396 09587,07691 646444,1663 Kingsway,Lichfield,Isle of Wight,United Kingdom,R8R 2FH,85.6855,175.7091,GB,https://randomuser.me/api/portraits/men/76.jpg,2021-06-01
377,Paul,Russell,paul.russell@example.com,crazygoose649,male,31,1995-03-07,01-3815-5225,0457-811-465,1263 Saddle Dr,Nowra,Australian Capital Territory,Australia,9000,-41.8187,-92.1530,AU,https://randomuser.me/api/portraits/men/8.jpg,2011-09-09
378,Daniel,Bélanger,daniel.belanger@example.com,brownfish336,male,51,1975-04-14,H06 Q22-1681,G63 B33-0365,4780 Tecumseh Rd,Souris,Yukon,Canada,S1S 8B1,58.6778,105.3458,CA,https://randomuser.me/api/portraits/men/55.jpg,2015-11-11
379,Debbie,Boyd,debbie.boyd@example.com,ticklishrabbit528,female,52,1974-01-17,013873 73207,07022 003792,4355 North Road,Wakefield,Nottinghamshire,United Kingdom,IC9 1RG,-42.8509,151.2086,GB,https://randomuser.me/api/portraits/women/27.jpg,2015-04-11
380,Anthony,Hanson,anthony.hanson@example.com,ticklishdog707,male,60,1965-12-15,(465) 894-5077,(353) 684-2067,9708 Oak Ridge Ln,Lubbock,Wisconsin,United States,44251,-68.9140,-70.6753,US,https://randomuser.me/api/portraits/men/32.jpg,2008-05-26
381,Isaac,Powell,isaac.powell@example.com,tinygorilla171,male,36,1990-04-06,(795) 277-2216,(714) 701-1992,4736 Bruce St,Albany,Alabama,United States,49696,-6.6119,26.7882,US,https://randomuser.me/api/portraits/men/90.jpg,2017-11-18
382,Peggy,Obrien,peggy.obrien@example.com,organicladybug822,female,37,1989-01-16,08-9183-8225,0440-714-636,7888 Samaritan Dr,Shepparton,Tasmania,Australia,2223,-30.6740,50.8143,AU,https://randomuser.me/api/portraits/women/10.jpg,2018-05-23
383,Gertrude,Martinez,gertrude.martinez@example.com,ticklishzebra588,female,78,1948-01-18,(948) 518-1574,(657) 941-7464,1754 Railroad St,Roseville,Tennessee,United States,83603,-4.4428,-78.8474,US,https://randomuser.me/api/portraits/women/81.jpg,2004-04-03
384,Emile,Campbell,emile.campbell@example.com,beautifulbear111,male,41,1985-05-11,T64 P27-8886,D66 A98-1641,576 Concession Road 6,Armstrong,Québec,Canada,E2U 8N7,44.0979,141.0961,CA,https://randomuser.me/api/portraits/men/14.jpg,2018-04-10
385,Wade,Davis,wade.davis@example.com,organicgorilla567,male,67,1959-06-12,(260) 373-4060,(413) 999-7258,6379 Paddock Way,Port St. Lucie,Utah,United States,17547,65.4038,55.0676,US,https://randomuser.me/api/portraits/men/85.jpg,2018-01-04
386,Malik,Martin,malik.martin@example.com,greengorilla529,male,55,1970-09-25,P10 S50-6954,Q09 S50-5518,1576 King St,Cadillac,Newfoundland and Labrador,Canada,U7R 3Z4,85.5004,-15.1066,CA,https://randomuser.me/api/portraits/men/20.jpg,2021-01-30
387,Annabelle,Mackay,annabelle.mackay@example.com,sadbutterfly920,female,32,1994-02-28,W57 B17-0866,G69 R94-9875,4257 Balmoral St,Cartwright,Alberta,Canada,D2N 7J8,89.3123,113.4124,CA,https://randomuser.me/api/portraits/women/16.jpg,2006-05-26
388,Benjamin,Evans,benjamin.evans@example.com,beautifuldog150,male,57,1969-07-06,016977 13296,07675 953545,5744 Queensway,Lincoln,West Yorkshire,United Kingdom,K0V 5UH,34.3296,79.3144,GB,https://randomuser.me/api/portraits/men/12.jpg,2007-05-07
389,Clifford,Cunningham,clifford.cunningham@example.com,goldenswan729,male,67,1959-03-12,0117686 090 1881,07951 435342,2028 North Street,Leicester,Isle of Wight,United Kingdom,C08 9QU,47.0830,163.7155,GB,https://randomuser.me/api/portraits/men/76.jpg,2018-07-09
390,Phillip,Cook,phillip.cook@example.com,crazygoose777,male,54,1972-01-25,07-5596-6447,0403-753-233,9335 Wheeler Ridge Dr,Toowoomba,South Australia,Australia,801,87.1286,76.0593,AU,https://randomuser.me/api/portraits/men/63.jpg,2006-05-07
391,Dora,Souza,dora.souza@example.com,sadtiger836,female,72,1953-09-15,(42) 3477-1672,(26) 2607-3164,8204 Rua Paraná ,Cariacica,Roraima,Brazil,50232,-77.8258,148.2083,BR,https://randomuser.me/api/portraits/women/37.jpg,2020-01-02
392,Dan,Sullivan,dan.sullivan@example.com,greenmouse624,male,54,1971-11-18,07-3928-9002,0453-429-551,8305 Hillcrest Rd,Queanbeyan,Western Australia,Australia,5821,33.4574,-74.1762,AU,https://randomuser.me/api/portraits/men/71.jpg,2009-10-10
393,Genesis,Porter,genesis.porter@example.com,heavymeercat388,female,57,1968-11-01,(980) 615-5433,(463) 233-2633,9036 Cherry St,El Monte,Maine,United States,88843,55.8181,-30.7063,US,https://randomuser.me/api/portraits/women/86.jpg,2004-03-25
394,Adão,da Mota,adao.damota@example.com,silverfish591,male,48,1977-11-11,(61) 4430-9286,(60) 6807-8331,6386 Rua Alagoas ,Barueri,Amapá,Brazil,61425,-54.5617,-62.1963,BR,https://randomuser.me/api/portraits/men/9.jpg,2010-06-29
395,Elgar,Viana,elgar.viana@example.com,beautifullion191,male,35,1991-02-02,(38) 3024-5848,(84) 2477-4645,2086 Rua Paraná ,Colombo,Paraná,Brazil,59429,43.4000,120.9818,BR,https://randomuser.me/api/portraits/men/50.jpg,2020-05-20
396,Amelia,Park,amelia.park@example.com,whitefrog784,female,54,1972-02-06,U37 S62-2011,I64 P92-7807,8097 Coastal Highway,Campbellton,Northwest Territories,Canada,C3A 6I7,0.3607,-65.9844,CA,https://randomuser.me/api/portraits/women/60.jpg,2018-04-18
397,Carl,Henderson,carl.henderson@example.com,purplegorilla307,male,59,1966-11-14,01-0235-9363,0489-099-080,1858 Lovers Ln,Gladstone,Australian Capital Territory,Australia,4108,-29.6479,107.5460,AU,https://randomuser.me/api/portraits/men/74.jpg,2012-03-19
398,Megan,Young,megan.young@example.com,bigfrog919,female,57,1969-06-17,F71 S90-5904,G98 V63-5830,6717 Concession Road 23,Cochrane,Manitoba,Canada,Z7A 7S1,32.1517,-79.0569,CA,https://randomuser.me/api/portraits/women/26.jpg,2014-09-19
399,Alexa,Ferguson,alexa.ferguson@example.com,lazyfrog892,female,74,1951-09-09,(695) 827-5623,(303) 324-5218,7241 Oak Ridge Ln,Princeton,Oklahoma,United States,17507,-10.8639,129.5744,US,https://randomuser.me/api/portraits/women/85.jpg,2015-06-25
400,Sophia,Denys,sophia.denys@example.com,purpletiger209,female,33,1992-10-12,Z55 M26-4948,F41 E78-2152,3110 Charles St,Deer Lake,Québec,Canada,R6A 0C4,-70.0815,-97.7919,CA,https://randomuser.me/api/portraits/women/89.jpg,2017-11-22
401,Paula,Carroll,paula.carroll@example.com,smallpanda379,female,37,1988-11-05,(726) 887-8583,(247) 641-4284,3630 Green Rd,Boston,Rhode Island,United States,49521,27.2577,98.1671,US,https://randomuser.me/api/portraits/women/0.jpg,2004-08-24
402,Heather,Webb,heather.webb@example.com,tinyostrich325,female,50,1976-06-13,017684 45251,07645 778859,399 Church Road,Preston,Northamptonshire,United Kingdom,X76 1QH,-81.4574,66.5360,GB,https://randomuser.me/api/portraits/women/90.jpg,2018-11-10
403,Abigail,Martin,abigail.martin@example.com,crazylion811,female,75,1951-04-16,A24 X18-1527,S72 O96-7537,9033 Park Rd,Sherbrooke,Northwest Territories,Canada,J7P 3P6,36.7821,54.4568,CA,https://randomuser.me/api/portraits/women/32.jpg,2005-11-15
404,Adelmiro,Gonçalves,adelmiro.goncalves@example.com,goldenwolf545,male,32,1994-03-23,(74) 2832-0017,(60) 1224-8488,1835 Rua São Pedro ,Sorocaba,Pernambuco,Brazil,42421,-85.6467,-140.7428,BR,https://randomuser.me/api/portraits/men/37.jpg,2012-10-18
405,Madison,Wong,madison.wong@example.com,goldenladybug893,female,80,1946-06-09,B61 I30-8849,B86 W08-9769,1992 Arctic Way,Red Rock,Prince Edward Island,Canada,V3O 8S4,-45.1239,87.2120,CA,https://randomuser.me/api/portraits/women/33.jpg,2010-07-10
406,Cassiano,da Cunha,cassiano.dacunha@example.com,brownbear550,male,81,1945-06-10,(93) 4774-7591,(00) 2797-2220,671 Rua Espirito Santo ,Simões Filho,Tocantins,Brazil,64204,-46.9039,-94.2517,BR,https://randomuser.me/api/portraits/men/82.jpg,2009-09-30
407,Sophia,Singh,sophia.singh@example.com,silverostrich237,female,36,1990-06-12,D80 L15-9092,M41 G77-4428,8559 Tecumseh Rd,New Glasgow,Québec,Canada,H8A 1V8,85.0520,-45.7303,CA,https://randomuser.me/api/portraits/women/74.jpg,2010-03-21
408,Leão,Rocha,leao.rocha@example.com,yellowpeacock588,male,53,1972-08-07,(63) 6759-8016,(04) 6505-4593,4962 Avenida Vinícius de Morais,Guarapuava,Mato Grosso,Brazil,96155,62.3697,-133.8318,BR,https://randomuser.me/api/portraits/men/64.jpg,2011-05-07
409,David,Li,david.li@example.com,lazycat801,male,64,1962-01-20,T24 B61-3133,F45 K45-1042,249 Cedar St,Stratford,Ontario,Canada,E5A 8X9,60.1906,-135.0655,CA,https://randomuser.me/api/portraits/men/50.jpg,2002-11-25
410,Dena,Pires,dena.pires@example.com,happydog694,female,68,1957-12-22,(15) 5479-0479,(23) 2389-7688,5725 Rua Santo Antônio ,Conselheiro Lafaiete,Roraima,Brazil,95190,-61.0855,-160.0092,BR,https://randomuser.me/api/portraits/women/73.jpg,2017-08-27
411,Zoe,Vargas,zoe.vargas@example.com,goldentiger840,female,64,1961-12-01,017683 20783,07519 347513,5907 Victoria Street,Stirling,Surrey,United Kingdom,DU52 7EP,-14.5718,-77.8336,GB,https://randomuser.me/api/portraits/women/29.jpg,2012-01-23
412,Sofia,Ouellet,sofia.ouellet@example.com,ticklishgoose938,female,77,1949-03-15,I74 S19-7319,K01 C81-6568,3034 Dundas Rd,Notre Dame de Lourdes,Yukon,Canada,S6G 8D8,37.8881,-116.6144,CA,https://randomuser.me/api/portraits/women/73.jpg,2010-10-10
413,Fausta,Moraes,fausta.moraes@example.com,lazybear942,female,36,1989-08-20,(08) 3450-3652,(52) 0691-1281,8588 Rua Treze ,Sumaré,Amazonas,Brazil,94569,-56.9017,-31.4909,BR,https://randomuser.me/api/portraits/women/42.jpg,2013-05-07
414,Alívio,Gomes,alivio.gomes@example.com,whitemeercat463,male,29,1996-11-17,(92) 6740-0275,(57) 0785-0572,4343 Rua Mato Grosso ,Águas Lindas de Goiás,São Paulo,Brazil,12835,-75.2895,-49.9396,BR,https://randomuser.me/api/portraits/men/46.jpg,2009-02-08
415,Marianne,Harcourt,marianne.harcourt@example.com,purpledog233,female,54,1972-06-08,J06 L86-1272,Y15 E65-1389,1957 Argyle St,Keswick,Ontario,Canada,N5A 0U7,-88.9664,54.4463,CA,https://randomuser.me/api/portraits/women/73.jpg,2014-08-11
416,David,Gagné,david.gagne@example.com,purpleleopard626,male,79,1946-11-11,E23 Z26-4785,X88 J19-8536,9489 Dieppe Ave,Lloydminster,Ontario,Canada,O2Z 9I8,-8.1379,-7.6622,CA,https://randomuser.me/api/portraits/men/85.jpg,2009-08-11
417,Lucílio,Souza,lucilio.souza@example.com,tinyleopard333,male,27,1998-11-18,(98) 7184-1823,(90) 4969-0027,8263 Rua Santa Catarina ,São Bernardo do Campo,Mato Grosso,Brazil,31544,-4.8789,-75.5135,BR,https://randomuser.me/api/portraits/men/0.jpg,2012-01-27
418,Ella,Chu,ella.chu@example.com,purplemouse154,female,30,1995-09-16,N82 W64-5298,U06 P61-7618,3761 Dundas Rd,Campbellton,Nunavut,Canada,J9A 0Q0,62.4029,134.7117,CA,https://randomuser.me/api/portraits/women/18.jpg,2013-07-29
419,Lynn,Lucas,lynn.lucas@example.com,bigzebra136,female,39,1987-03-17,09-2676-1344,0498-689-454,6268 E Pecan St,Warragul,Northern Territory,Australia,8246,8.0603,-56.1936,AU,https://randomuser.me/api/portraits/women/93.jpg,2010-01-14
420,Gordon,Hunt,gordon.hunt@example.com,purplemeercat312,male,30,1995-12-30,09-4706-3439,0458-078-686,5928 Mockingbird Hill,Australian Capital Territory,Victoria,Australia,3661,66.4290,170.2942,AU,https://randomuser.me/api/portraits/men/5.jpg,2003-09-08
421,Yasmim,Costa,yasmim.costa@example.com,beautifulpanda717,female,49,1976-07-21,(12) 5316-2060,(18) 0262-2534,7313 Rua Vinte E Quatro de Outubro,Sertãozinho,Pernambuco,Brazil,11617,-89.4303,85.5408,BR,https://randomuser.me/api/portraits/women/68.jpg,2018-10-02
422,Jordan,Barnes,jordan.barnes@example.com,yellowbird283,male,34,1991-12-01,01231 51227,07725 066639,2624 King Street,Lisburn,Leicestershire,United Kingdom,L5E 4YR,8.7160,17.3868,GB,https://randomuser.me/api/portraits/men/1.jpg,2005-12-25
423,Noémie,Mitchell,noemie.mitchell@example.com,heavywolf411,female,50,1975-12-10,I92 H91-5918,B32 H45-2695,756 Disputed Rd,Winfield,Yukon,Canada,H8S 3U6,-84.5068,38.4454,CA,https://randomuser.me/api/portraits/women/14.jpg,2020-10-21
424,Douglas,Ryan,douglas.ryan@example.com,brownduck403,male,58,1967-09-08,05-0918-0464,0435-650-008,34 Frances Ct,Coffs Harbour,New South Wales,Australia,1842,-42.2146,-120.6392,AU,https://randomuser.me/api/portraits/men/16.jpg,2004-10-05
425,Stacey,Young,stacey.young@example.com,silverladybug347,female,70,1955-12-30,(342) 962-6695,(970) 251-3376,6575 W Gray St,Spokane,Alabama,United States,32828,88.8707,21.2057,US,https://randomuser.me/api/portraits/women/76.jpg,2021-07-21
426,Elizabeth,Williamson,elizabeth.williamson@example.com,organiczebra140,female,34,1991-09-07,016977 0059,07093 554741,4276 Mill Road,Hereford,South Yorkshire,United Kingdom,SE6 1UF,-22.7519,86.5668,GB,https://randomuser.me/api/portraits/women/34.jpg,2007-07-02
427,Charlie,Gray,charlie.gray@example.com,bluewolf969,male,61,1964-12-06,015396 36783,07277 269838,5199 Rectory Lane,Stirling,Somerset,United Kingdom,MY7Q 1SH,45.3905,49.4071,GB,https://randomuser.me/api/portraits/men/77.jpg,2013-11-29
428,Adam,Scott,adam.scott@example.com,sadgorilla413,male,59,1967-07-02,X24 J27-2930,X42 K98-8941,7294 Lakeview Ave,Burlington,Nova Scotia,Canada,T6A 9J2,-69.0411,159.4969,CA,https://randomuser.me/api/portraits/men/9.jpg,2010-08-09
429,Mary,Castillo,mary.castillo@example.com,crazypanda524,female,25,2000-09-16,(700) 750-1184,(906) 817-0924,5477 Hickory Creek Dr,Red Oak,North Carolina,United States,11224,23.8328,165.1654,US,https://randomuser.me/api/portraits/women/63.jpg,2013-09-14
430,Otacílio,Aragão,otacilio.aragao@example.com,blackbird163,male,38,1988-03-14,(83) 7366-9294,(49) 9733-1694,2742 Avenida da Democracia,Suzano,São Paulo,Brazil,37259,-38.9248,75.1139,BR,https://randomuser.me/api/portraits/men/10.jpg,2019-04-29
431,Eufrásio,Oliveira,eufrasio.oliveira@example.com,whitelion425,male,66,1959-09-29,(69) 1223-8736,(42) 7904-7719,8873 Rua Minas Gerais ,Porto Alegre,Paraná,Brazil,46191,-77.1763,54.1393,BR,https://randomuser.me/api/portraits/men/52.jpg,2014-02-03
432,Curtis,Taylor,curtis.taylor@example.com,lazymeercat308,male,42,1983-08-09,(979) 607-2668,(323) 629-9733,3731 Cherry St,Shiloh,Michigan,United States,26128,-13.5235,115.9423,US,https://randomuser.me/api/portraits/men/10.jpg,2021-04-24
433,Margie,Sullivan,margie.sullivan@example.com,heavyelephant125,female,53,1972-08-26,01-7091-1506,0476-102-946,7135 Photinia Ave,Sydney,Victoria,Australia,4220,41.2059,162.0310,AU,https://randomuser.me/api/portraits/women/36.jpg,2006-10-18
434,Bernadete,Lopes,bernadete.lopes@example.com,smallgorilla888,female,58,1968-01-27,(43) 9397-1525,(30) 4195-5149,2310 Rua Doze ,Franca,São Paulo,Brazil,91863,-10.4558,151.9193,BR,https://randomuser.me/api/portraits/women/45.jpg,2013-04-07
435,Maeva,Gagné,maeva.gagne@example.com,redostrich889,female,55,1970-08-06,C56 Q57-7485,C56 Q02-0986,9906 St. Catherine St,Cadillac,Saskatchewan,Canada,S5V 5B5,-31.6723,133.2613,CA,https://randomuser.me/api/portraits/women/96.jpg,2016-04-06
436,Karen,Beck,karen.beck@example.com,orangezebra319,female,62,1963-12-07,015396 61778,07733 023767,2417 Bridge Road,Plymouth,Greater Manchester,United Kingdom,RZ30 3PQ,51.1037,54.5844,GB,https://randomuser.me/api/portraits/women/87.jpg,2002-04-11
437,Gabrielle,Ambrose,gabrielle.ambrose@example.com,lazymouse901,female,37,1988-07-22,P97 D61-0818,G08 D88-7666,9104 36th Ave,Borden,Nova Scotia,Canada,I8P 7H3,5.0200,11.7957,CA,https://randomuser.me/api/portraits/women/90.jpg,2020-09-20
438,Carolyn,Stevens,carolyn.stevens@example.com,angryfish884,female,44,1982-02-08,09-0881-7912,0401-225-943,627 E North St,Sunshine Coast,Northern Territory,Australia,709,71.0669,6.2871,AU,https://randomuser.me/api/portraits/women/31.jpg,2019-12-30
439,Cameron,Freeman,cameron.freeman@example.com,sadtiger142,male,79,1947-05-21,(316) 876-8816,(620) 852-5901,7478 W 6th St,Tulsa,Vermont,United States,88380,84.6006,117.8239,US,https://randomuser.me/api/portraits/men/57.jpg,2013-04-28
440,Ulrico,Lima,ulrico.lima@example.com,blackzebra771,male,47,1978-08-11,(26) 6427-1745,(86) 7971-2057,1140 Rua Santa Maria ,Caraguatatuba,Tocantins,Brazil,33790,66.7831,69.0637,BR,https://randomuser.me/api/portraits/men/83.jpg,2009-11-15
441,Ernest,Chavez,ernest.chavez@example.com,blackbutterfly981,male,44,1982-04-25,(984) 809-5722,(689) 219-5270,2386 Lovers Ln,Phoenix,South Carolina,United States,62925,44.4684,119.0276,US,https://randomuser.me/api/portraits/men/92.jpg,2018-11-30
442,Flenn,Black,flenn.black@example.com,lazygorilla720,male,27,1999-05-03,(255) 568-6912,(493) 579-0635,2714 Bollinger Rd,Celina,Hawaii,United States,54051,-22.0412,119.9921,US,https://randomuser.me/api/portraits/men/5.jpg,2008-12-29
443,Katie,Austin,katie.austin@example.com,smalltiger277,female,32,1994-03-30,(354) 748-1380,(968) 337-5128,746 Dane St,Phoenix,North Dakota,United States,39622,2.9389,-129.1284,US,https://randomuser.me/api/portraits/women/58.jpg,2003-11-18
444,Sue,Cooper,sue.cooper@example.com,bluesnake863,female,78,1947-10-25,09-0672-2339,0461-403-284,9172 Spring St,Wollongong,Australian Capital Territory,Australia,4584,84.6888,166.9841,AU,https://randomuser.me/api/portraits/women/57.jpg,2007-03-30
445,Emma,Pelletier,emma.pelletier@example.com,goldenswan681,female,60,1966-06-11,F36 X79-5456,S91 U15-0171,5326 Coastal Highway,Hampstead,Prince Edward Island,Canada,P7T 6E9,37.2462,-98.5004,CA,https://randomuser.me/api/portraits/women/95.jpg,2007-04-16
446,Catherine,Burton,catherine.burton@example.com,crazyfrog833,female,32,1994-07-07,017684 92451,07937 458039,6039 Brick Kiln Road,Portsmouth,Tayside,United Kingdom,Z3 3GH,-75.0441,14.8199,GB,https://randomuser.me/api/portraits/women/12.jpg,2017-02-24
447,Carter,Slawa,carter.slawa@example.com,blackelephant107,male,31,1995-04-08,J05 F76-2030,B61 H45-3169,7606 Vimy St,Sidney,Ontario,Canada,R6R 5E3,-79.5626,-67.0983,CA,https://randomuser.me/api/portraits/men/76.jpg,2019-02-12
448,Giani,Jesus,giani.jesus@example.com,lazyrabbit960,male,28,1998-05-09,(35) 7512-9578,(72) 4033-2384,3618 Rua Principal,Novo Hamburgo,Pará,Brazil,58213,-43.4681,-66.3658,BR,https://randomuser.me/api/portraits/men/97.jpg,2016-06-14
449,Jeremy,Harris,jeremy.harris@example.com,redmeercat511,male,63,1963-05-10,W21 F76-0441,H17 C35-3125,250 15th St,Fountainbleu,Nova Scotia,Canada,D0L 5E7,-36.3939,-4.2203,CA,https://randomuser.me/api/portraits/men/10.jpg,2014-12-15
450,Heidi,Castro,heidi.castro@example.com,silvergorilla948,female,80,1946-06-30,013873 86288,07656 739551,2491 Grange Road,Gloucester,Cumbria,United Kingdom,HN24 1PG,-48.9351,12.7655,GB,https://randomuser.me/api/portraits/women/68.jpg,2010-03-17
451,Matthew,Medina,matthew.medina@example.com,smallmeercat323,male,80,1945-12-05,02-6935-6372,0489-877-745,7775 Paddock Way,Busselton,South Australia,Australia,4663,54.1592,171.9984,AU,https://randomuser.me/api/portraits/men/81.jpg,2019-08-30
452,Arnaud,Denys,arnaud.denys@example.com,organicpeacock236,male,28,1997-08-31,L44 B47-1721,R57 X32-8347,4732 Main St,Flatrock,Québec,Canada,E8A 5T6,79.5533,59.8907,CA,https://randomuser.me/api/portraits/men/18.jpg,2016-06-28
453,Avery,Johnson,avery.johnson@example.com,greenzebra807,female,45,1981-01-16,P12 K42-7733,Q56 N81-4252,9621 Frederick Ave,Inverness,Northwest Territories,Canada,V3O 5W7,-50.7219,-66.3507,CA,https://randomuser.me/api/portraits/women/22.jpg,2009-04-19
454,Avery,Ma,avery.ma@example.com,crazybutterfly103,female,69,1957-05-31,Y70 Y83-4698,L62 R48-7108,4057 36th Ave,Maitland,Northwest Territories,Canada,L4J 2A1,57.3542,37.9312,CA,https://randomuser.me/api/portraits/women/5.jpg,2006-09-27
455,Judy,Andrews,judy.andrews@example.com,bluecat334,female,52,1974-03-29,013873 66191,07365 821372,1845 George Street,City of London,South Glamorgan,United Kingdom,X6 0WF,-17.4492,164.6231,GB,https://randomuser.me/api/portraits/women/46.jpg,2004-07-16
456,Anthony,Ginnish,anthony.ginnish@example.com,whitecat310,male,65,1961-04-24,Y60 W68-1183,W75 V39-4583,6638 Peel St,Hampstead,Saskatchewan,Canada,Q9K 0I6,58.6387,-3.4828,CA,https://randomuser.me/api/portraits/men/77.jpg,2004-12-27
457,Wesley,Hansen,wesley.hansen@example.com,purplezebra341,male,43,1982-07-29,07-9151-8489,0425-964-820,8814 W Belt Line Rd,Sunshine Coast,South Australia,Australia,4597,-85.5175,127.8819,AU,https://randomuser.me/api/portraits/men/83.jpg,2018-11-11
458,Sophie,Larson,sophie.larson@example.com,bluemouse335,female,28,1997-11-18,(261) 265-7823,(725) 537-1317,6846 Taylor St,Huntsville,North Dakota,United States,79870,24.9612,-153.9642,US,https://randomuser.me/api/portraits/women/48.jpg,2011-09-13
459,Lester,Rivera,lester.rivera@example.com,lazyrabbit167,male,73,1953-07-08,03-0569-4784,0473-741-716,5735 E Center St,Mildura,South Australia,Australia,6817,17.1959,4.8043,AU,https://randomuser.me/api/portraits/men/41.jpg,2012-02-08
460,Denise,Dunn,denise.dunn@example.com,brownduck109,female,69,1956-08-08,(216) 845-6869,(989) 904-0179,1294 Paddock Way,Akron,Vermont,United States,56157,-56.8434,-137.5033,US,https://randomuser.me/api/portraits/women/6.jpg,2002-08-12
461,Vincent,Patel,vincent.patel@example.com,whitegorilla473,male,28,1998-02-12,O13 T30-8023,S37 H53-5271,8378 Pierre Ave,Sutton,Ontario,Canada,O6T 1E9,42.8286,-146.2320,CA,https://randomuser.me/api/portraits/men/68.jpg,2018-12-20
462,Victoria,Bennett,victoria.bennett@example.com,greenelephant568,female,71,1955-01-06,019467 32495,07361 441578,2325 Brick Kiln Road,Wells,Fife,United Kingdom,N22 6NJ,-12.0445,113.6908,GB,https://randomuser.me/api/portraits/women/40.jpg,2021-02-18
463,Kaitlin,Howell,kaitlin.howell@example.com,angryfish897,female,34,1991-09-24,017687 63842,07042 020754,7041 Stanley Road,Leicester,Cambridgeshire,United Kingdom,KF0 4HG,37.5238,116.8047,GB,https://randomuser.me/api/portraits/women/40.jpg,2005-10-25
464,Diane,Brown,diane.brown@example.com,silverleopard231,female,78,1947-08-21,015242 43668,07563 278612,2813 Church Street,St Davids,Gloucestershire,United Kingdom,YQ9G 2SX,-30.6253,136.2012,GB,https://randomuser.me/api/portraits/women/51.jpg,2008-07-17
465,Irene,Dean,irene.dean@example.com,whitefrog621,female,29,1996-09-11,(608) 253-5750,(496) 438-4640,8618 Westheimer Rd,Mesa,Louisiana,United States,62056,73.7301,-135.9766,US,https://randomuser.me/api/portraits/women/49.jpg,2003-02-24
466,Gabriel,Crawford,gabriel.crawford@example.com,smallzebra209,male,33,1993-06-14,015395 00447,07020 484304,2502 Springfield Road,Lincoln,County Down,United Kingdom,QH7C 6GS,18.0237,23.9920,GB,https://randomuser.me/api/portraits/men/31.jpg,2008-08-05
467,Giuliana,Mendes,giuliana.mendes@example.com,silverbird553,female,51,1975-03-30,(79) 2871-3584,(03) 1272-3118,7921 Rua Pernambuco ,Igarassu,Tocantins,Brazil,94491,-76.9441,118.4227,BR,https://randomuser.me/api/portraits/women/92.jpg,2011-07-27
468,Ethan,Gauthier,ethan.gauthier@example.com,lazybird736,male,70,1956-06-26,Z61 Y82-7182,Y75 W20-0330,5369 Grand Marais Ave,Russell,Saskatchewan,Canada,H1J 7A9,-64.8779,-82.8139,CA,https://randomuser.me/api/portraits/men/83.jpg,2017-01-01
469,Evangelino,Rodrigues,evangelino.rodrigues@example.com,bluekoala532,male,57,1968-10-03,(43) 5860-2966,(46) 1653-4988,6762 Rua Belo Horizonte ,Barueri,Espírito Santo,Brazil,90043,25.4412,159.7991,BR,https://randomuser.me/api/portraits/men/72.jpg,2004-12-12
470,Eleanor,Carr,eleanor.carr@example.com,bigmouse984,female,65,1961-01-14,01602 734586,07336 321162,6231 West Street,Armagh,County Down,United Kingdom,TA0 3QD,-51.9971,37.0776,GB,https://randomuser.me/api/portraits/women/6.jpg,2002-04-28
471,Hailey,Gill,hailey.gill@example.com,biglion319,female,37,1988-08-28,C28 H93-5636,M89 X53-1516,884 Regent Ave,Trenton,Yukon,Canada,Y0M 5I8,-54.4549,-120.1374,CA,https://randomuser.me/api/portraits/women/34.jpg,2015-10-10
472,Xavier,Claire,xavier.claire@example.com,bigmouse817,male,43,1982-12-13,U38 M92-2723,R02 L16-5629,1181 St. Catherine St,St. George,Nova Scotia,Canada,X6L 9F2,81.9367,-116.9394,CA,https://randomuser.me/api/portraits/men/31.jpg,2021-12-06
473,Gail,Hicks,gail.hicks@example.com,yellowlion119,female,30,1995-09-12,04-0681-2769,0465-702-255,3905 Shady Ln Dr,Warrnambool,Australian Capital Territory,Australia,5555,-76.2524,-85.0195,AU,https://randomuser.me/api/portraits/women/41.jpg,2004-11-20
474,Roberto,Howard,roberto.howard@example.com,purplesnake564,male,79,1947-05-26,(473) 541-2012,(645) 588-9228,8880 W 6th St,West Jordan,Alabama,United States,93189,17.7461,-10.4725,US,https://randomuser.me/api/portraits/men/76.jpg,2015-12-14
475,Alexis,Jones,alexis.jones@example.com,greenfrog388,male,66,1959-12-28,Y43 S29-2557,V22 V99-7887,104 Balmoral St,Cornwall,Ontario,Canada,Z6S 5M2,-65.4093,67.0166,CA,https://randomuser.me/api/portraits/men/1.jpg,2016-07-11
476,Xavier,Williams,xavier.williams@example.com,bluepanda908,male,67,1959-05-10,L20 F31-0544,Q65 N12-6533,7739 St. Lawrence Ave,Selkirk,Nova Scotia,Canada,Y7V 8H9,89.2268,-11.9645,CA,https://randomuser.me/api/portraits/men/83.jpg,2020-10-09
477,Letitia,Rhodes,letitia.rhodes@example.com,orangefrog255,female,35,1990-08-10,(467) 600-2834,(855) 655-2294,1516 Fairview St,Ventura,Idaho,United States,70420,-47.7199,43.6406,US,https://randomuser.me/api/portraits/women/67.jpg,2011-04-28
478,Gabriel,Bennett,gabriel.bennett@example.com,beautifulkoala240,male,52,1974-04-10,016974 35232,07635 129195,9527 The Green,Wolverhampton,South Yorkshire,United Kingdom,N3B 6TQ,-27.4494,38.0596,GB,https://randomuser.me/api/portraits/men/67.jpg,2017-11-08
479,Logan,Ambrose,logan.ambrose@example.com,beautifulbird540,male,76,1950-05-02,G59 Q29-8494,W96 W19-0561,1914 Maple Ave,Keswick,British Columbia,Canada,Z2W 2W7,38.2922,60.1505,CA,https://randomuser.me/api/portraits/men/48.jpg,2018-11-15
480,Ken,Holmes,ken.holmes@example.com,yellowkoala306,male,69,1956-10-13,(414) 305-9355,(766) 875-9619,4927 Mcclellan Rd,Naperville,Colorado,United States,99795,1.3754,-106.2125,US,https://randomuser.me/api/portraits/men/10.jpg,2017-08-17
481,Izzie,Ward,izzie.ward@example.com,organiccat660,female,79,1947-04-11,016977 9179,07246 672450,1787 Kings Road,Brighton and Hove,Gwent,United Kingdom,AF6 2TG,-17.5067,-1.7506,GB,https://randomuser.me/api/portraits/women/9.jpg,2015-10-27
482,Anthony,Li,anthony.li@example.com,crazycat376,male,34,1992-06-25,H83 G20-8572,S53 S09-6314,8635 Concession Road 23,Keswick,Ontario,Canada,T9C 9Z1,-20.5691,-51.2495,CA,https://randomuser.me/api/portraits/men/25.jpg,2019-01-22
483,Vicky,Perkins,vicky.perkins@example.com,tinybutterfly826,female,55,1970-07-24,015394 09732,07310 238505,1314 Brick Kiln Road,Bath,Herefordshire,United Kingdom,B22 7PX,38.2847,65.6423,GB,https://randomuser.me/api/portraits/women/88.jpg,2010-05-21
484,Oliver,French,oliver.french@example.com,brownostrich842,male,41,1984-08-07,P04 Z75-6585,N82 X30-8831,681 Pine Rd,Stirling,Northwest Territories,Canada,L1P 8C5,-79.4826,-96.7374,CA,https://randomuser.me/api/portraits/men/81.jpg,2003-04-27
485,Arthur,Grewal,arthur.grewal@example.com,crazybird713,male,59,1967-02-08,B17 Q17-3173,D47 D98-3449,3102 Regent Ave,Sherbrooke,New Brunswick,Canada,J0Y 2Z5,62.0979,96.8549,CA,https://randomuser.me/api/portraits/men/95.jpg,2006-06-17
486,Aubree,Knight,aubree.knight@example.com,greenfrog350,female,43,1983-01-20,P88 B99-6508,G75 Q64-4024,829 West Ave,Oakville,Nunavut,Canada,E2Z 3W5,63.7888,-59.7096,CA,https://randomuser.me/api/portraits/women/66.jpg,2017-09-24
487,Zoe,Taylor,zoe.taylor@example.com,brownladybug588,female,59,1967-04-24,S14 V17-9093,N28 V94-0485,6067 Lake of Bays Road,Cornwall,Newfoundland and Labrador,Canada,N6T 8E2,51.4892,-29.0701,CA,https://randomuser.me/api/portraits/women/74.jpg,2005-01-02
488,Inalda,Lopes,inalda.lopes@example.com,redgoose666,female,59,1967-01-22,(15) 5601-3790,(28) 3516-4140,3660 Rua Santos Dumont ,Juazeiro do Norte,Rio de Janeiro,Brazil,37956,56.1109,131.7691,BR,https://randomuser.me/api/portraits/women/91.jpg,2013-01-17
489,Ariane,Grewal,ariane.grewal@example.com,whitemouse824,female,59,1967-06-05,A85 G24-1343,Y98 U61-5437,3137 Oak St,Red Rock,Québec,Canada,C6R 1F9,84.6731,-11.9655,CA,https://randomuser.me/api/portraits/women/15.jpg,2010-07-07
490,Sarah,Johnson,sarah.johnson@example.com,bluebird477,female,46,1979-09-11,M16 V50-3497,T60 S10-8427,8889 Lakeview Ave,Woodstock,Alberta,Canada,C2I 3Z1,-16.8269,-18.0198,CA,https://randomuser.me/api/portraits/women/10.jpg,2013-07-17
491,Gabriel,Taylor,gabriel.taylor@example.com,brownswan831,male,40,1985-07-26,K76 B64-9552,D06 Z72-9509,2478 Coastal Highway,St. Antoine,Ontario,Canada,V7L 7G7,-14.4589,-96.2852,CA,https://randomuser.me/api/portraits/men/67.jpg,2016-11-09
492,Deivid,Pereira,deivid.pereira@example.com,crazyduck628,male,29,1996-09-29,(43) 3227-6633,(96) 4303-2261,7680 Rua Vinte E Quatro de Outubro,Rio Verde,Rio de Janeiro,Brazil,74038,53.9132,48.5126,BR,https://randomuser.me/api/portraits/men/14.jpg,2020-01-29
493,Tomothy,Andrews,tomothy.andrews@example.com,goldendog536,male,39,1987-02-10,(399) 906-1798,(419) 444-4226,7700 Hillcrest Rd,Rancho Cucamonga,West Virginia,United States,20102,47.8359,107.9374,US,https://randomuser.me/api/portraits/men/2.jpg,2014-01-12
494,Becky,Graves,becky.graves@example.com,yellowlion179,female,68,1957-11-03,(763) 799-3312,(643) 311-6004,7505 Valwood Pkwy,Knoxville,Minnesota,United States,25094,43.4040,146.8387,US,https://randomuser.me/api/portraits/women/47.jpg,2015-10-31
495,Universia,da Rocha,universia.darocha@example.com,yellowsnake566,female,30,1995-09-12,(03) 7610-6676,(20) 6672-6143,8518 Avenida D. Pedro Ii,Araguaína,Rio Grande do Sul,Brazil,63833,-68.8633,121.0717,BR,https://randomuser.me/api/portraits/women/42.jpg,2015-06-20
496,Seth,Russell,seth.russell@example.com,heavybird497,male,53,1973-06-02,09-5515-6767,0440-581-537,1000 Blossom Hill Rd,Bathurst,Tasmania,Australia,4148,-54.6939,-23.8515,AU,https://randomuser.me/api/portraits/men/44.jpg,2019-01-10
497,Paul,Long,paul.long@example.com,goldenostrich196,male,31,1995-06-06,(468) 335-3425,(497) 449-6883,8693 First Street,Bakersfield,Tennessee,United States,90239,-75.8656,110.3965,US,https://randomuser.me/api/portraits/men/24.jpg,2020-02-07
498,Wyatt,Gutierrez,wyatt.gutierrez@example.com,crazyfrog611,male,70,1956-01-17,00-9046-9721,0463-599-943,5961 Mockingbird Hill,Shepparton,Queensland,Australia,7462,-67.3545,142.8165,AU,https://randomuser.me/api/portraits/men/20.jpg,2017-03-07
499,Ava,Bélanger,ava.belanger@example.com,orangedog508,female,50,1975-08-05,A54 U41-6791,G99 T81-3327,229 George St,Cadillac,Saskatchewan,Canada,W2C 2D7,-2.2015,113.2817,CA,https://randomuser.me/api/portraits/women/77.jpg,2013-04-11
500,Bryan,Myers,bryan.myers@example.com,lazyelephant966,male,71,1954-10-15,06-6790-8290,0498-941-055,2982 Mcgowen St,Kalgoorlie,Queensland,Australia,6887,72.3670,-85.6620,AU,https://randomuser.me/api/portraits/men/48.jpg,2003-07-03
